Symbol,Description,Market Capitalization,Price,Index,Short Interest,Price Change YTD,Performance vs. S&P 500 YTD,Performance vs. Industry YTD,Total Return 1 Year,Total Return 3 Year,Total Return 5 Year,Sector,Industry
A,Agilent Technologies Inc,$34B (Mid),$115.67 ,S&P 500,1.80%,-22.71%,-28.18%,-12.74%,-0.89%,61.71%,84.46%,Health Care,Life Sciences Tools & Services
AAL,American Airlines Group Inc,$10B (Mid),$14.78 ,S&P 500,9.50%,16.19%,4.93%,6.56%,-21.23%,37.41%,-65.47%,Industrials,Passenger Airlines
AAP,Advance Auto Parts Inc,$4B (Small),$72.89 ,S&P 500,3.60%,-50.43%,-30.33%,-20.31%,-41.72%,3.02%,4.50%,Consumer Discretionary,Specialty Retail
AAPL,Apple Inc,$3T (Large),$177.25 ,S&P 500,0.70%,36.42%,24.58%,--,13.08%,150.56%,340.54%,Information Technology,"Technology Hardware, Storage & Peripherals"
ABBV,Abbvie Inc,$243B (Large),$137.96 ,S&P 500,0.70%,-14.63%,-22.92%,-4.20%,-4.15%,87.45%,68.80%,Health Care,Biotechnology
ABC,Amerisourcebergen Corp,$34B (Mid),$170.15 ,S&P 500,2.60%,2.68%,-8.54%,11.14%,13.14%,101.41%,102.34%,Health Care,Health Care Providers & Services
ABT,Abbott Laboratories,$177B (Large),$102.00 ,S&P 500,0.70%,-7.10%,-15.42%,-11.52%,-8.16%,18.85%,87.72%,Health Care,Health Care Equipment & Supplies
ACGL,Arch Capital Group Ltd,$26B (Mid),$69.70 ,S&P 500,1.40%,11.02%,3.54%,19.53%,55.19%,208.09%,164.91%,Financials,Insurance
ACN,Accenture PLC,$193B (Large),$305.92 ,S&P 500,1.40%,14.65%,5.53%,4.58%,2.89%,78.50%,118.05%,Information Technology,IT Services
ADBE,Adobe Inc,$192B (Large),$417.79 ,S&P 500,1.30%,24.15%,13.18%,-10.71%,2.44%,21.34%,86.19%,Information Technology,Software
ADI,Analog Devices Inc,$89B (Large),$177.69 ,S&P 500,1.20%,8.33%,-1.25%,-50.42%,14.29%,80.87%,119.71%,Information Technology,Semiconductors & Semiconductor Equipment
ADM,Archer-Daniels-Midland Co,$38B (Mid),$70.65 ,S&P 500,1.00%,-23.91%,-29.76%,-20.17%,-18.00%,120.23%,83.12%,Consumer Staples,Food Products
ADP,Automatic Data Processing Inc,$86B (Large),$208.99 ,S&P 500,1.20%,-12.51%,-19.69%,-9.86%,-2.31%,59.08%,96.09%,Industrials,Professional Services
ADSK,Autodesk Inc,$43B (Large),$199.39 ,S&P 500,1.30%,6.70%,-4.71%,-30.31%,1.11%,11.52%,53.50%,Information Technology,Software
AEE,Ameren Corp,$21B (Mid),$81.07 ,S&P 500,1.70%,-8.83%,-17.72%,-1.21%,-10.50%,21.45%,57.00%,Utilities,Multi-Utilities
AEP,American Electric Power Company Inc,$43B (Large),$83.12 ,S&P 500,1.30%,-12.46%,-21.36%,-4.46%,-12.96%,12.47%,40.75%,Utilities,Electric Utilities
AES,AES Corp,$13B (Mid),$19.74 ,S&P 500,2.50%,-31.36%,-36.83%,-5.59%,-0.81%,66.94%,89.36%,Utilities,Independent Power & Renewable Electricity Producers
AFL,Aflac Inc,$39B (Mid),$64.21 ,S&P 500,1.80%,-10.75%,-17.21%,-3.19%,17.53%,93.86%,63.26%,Financials,Insurance
AIG,American International Group Inc,$38B (Mid),$52.83 ,S&P 500,1.00%,-16.46%,-21.00%,-7.35%,-5.11%,148.84%,11.96%,Financials,Insurance
AIZ,Assurant Inc,$6B (Small),$119.99 ,S&P 500,1.40%,-4.05%,-9.63%,5.11%,-29.85%,28.79%,49.87%,Financials,Insurance
AJG,Arthur J. Gallagher & Co.,$43B (Large),$200.33 ,S&P 500,1.00%,6.25%,-1.45%,14.07%,24.13%,173.53%,215.99%,Financials,Insurance
AKAM,Akamai Technologies Inc,$14B (Mid),$92.12 ,S&P 500,6.20%,9.28%,-0.25%,-1.74%,-17.99%,-3.91%,30.03%,Information Technology,IT Services
ALB,Albemarle Corp,$23B (Mid),$193.53 ,S&P 500,5.10%,-10.76%,-15.02%,-4.98%,6.12%,261.31%,120.51%,Materials,Chemicals
ALGN,Align Technology Inc,$22B (Mid),$282.66 ,S&P 500,2.40%,34.03%,23.35%,30.95%,-7.75%,40.19%,13.37%,Health Care,Health Care Equipment & Supplies
ALK,Alaska Air Group Inc,$6B (Small),$44.93 ,S&P 500,3.60%,4.63%,-3.88%,-3.09%,-14.79%,50.15%,-27.91%,Industrials,Passenger Airlines
ALL,Allstate Corp,$29B (Mid),$108.45 ,S&P 500,1.00%,-20.02%,-25.49%,-12.27%,-11.05%,19.74%,26.51%,Financials,Insurance
ALLE,Allegion PLC,$9B (Mid),$104.74 ,S&P 500,2.90%,-0.49%,-7.12%,-5.95%,-5.17%,14.37%,47.55%,Industrials,Building Products
AMAT,Applied Materials Inc,$112B (Large),$133.30 ,S&P 500,1.30%,36.89%,28.04%,-18.35%,22.39%,200.57%,186.84%,Information Technology,Semiconductors & Semiconductor Equipment
AMCR,Amcor PLC,$14B (Mid),$9.64 ,S&P 500,1.60%,-19.06%,-25.34%,--,-12.26%,28.31%,--,Materials,Containers & Packaging
AMD,Advanced Micro Devices Inc,$190B (Large),$118.21 ,S&P 500,2.10%,82.51%,76.57%,34.82%,39.44%,151.14%,1025.52%,Information Technology,Semiconductors & Semiconductor Equipment
AME,AMETEK Inc,$33B (Mid),$145.07 ,S&P 500,0.60%,3.83%,-3.60%,1.22%,17.60%,86.99%,120.44%,Industrials,Electrical Equipment
AMGN,Amgen Inc,$118B (Large),$220.65 ,S&P 500,1.40%,-15.99%,-24.04%,-5.42%,-1.43%,4.55%,51.25%,Health Care,Biotechnology
AMP,Ameriprise Financial Inc,$31B (Mid),$298.47 ,S&P 500,1.20%,-4.14%,-9.27%,4.36%,17.64%,196.41%,149.99%,Financials,Capital Markets
AMT,American Tower Corp,$86B (Large),$184.44 ,S&P 500,0.90%,-12.94%,-21.57%,--,-21.01%,-16.86%,49.75%,Real Estate,Specialized REITs
AMZN,Amazon.com Inc,$1T (Large),$120.58 ,S&P 500,0.60%,43.55%,32.23%,27.15%,-2.28%,6.44%,53.78%,Consumer Discretionary,Broadline Retail
ANET,Arista Networks Inc,$51B (Large),$166.34 ,S&P 500,1.40%,37.07%,31.22%,35.44%,47.49%,236.00%,163.01%,Information Technology,Communications Equipment
ANSS,ANSYS Inc,$28B (Mid),$323.59 ,S&P 500,0.90%,33.94%,24.39%,1.56%,17.59%,28.76%,104.31%,Information Technology,Software
AON,Aon PLC,$63B (Large),$308.29 ,S&P 500,0.90%,2.72%,-5.14%,10.03%,11.37%,79.17%,127.91%,Financials,Insurance
AOS,A O Smith Corp,$10B (Mid),$63.94 ,S&P 500,3.50%,11.71%,6.37%,8.83%,14.68%,69.10%,18.90%,Industrials,Building Products
APA,APA Corp (US),$10B (Mid),$31.78 ,S&P 500,3.60%,-31.92%,-36.95%,-20.23%,-18.88%,197.28%,-12.08%,Energy,"Oil, Gas & Consumable Fuels"
APD,Air Products and Chemicals Inc,$60B (Large),$269.14 ,S&P 500,0.70%,-12.69%,-18.83%,-9.15%,19.40%,32.00%,89.52%,Materials,Chemicals
APH,Amphenol Corp,$45B (Large),$75.45 ,S&P 500,0.90%,-0.91%,-7.95%,-6.86%,8.47%,85.06%,92.42%,Information Technology,"Electronic Equipment, Instruments & Components"
APTV,Aptiv PLC,$24B (Mid),$88.08 ,S&P 500,2.60%,-5.42%,-10.57%,-5.45%,-16.06%,38.75%,10.18%,Consumer Discretionary,Automobile Components
ARE,Alexandria Real Estate Equities Inc,$20B (Mid),$113.46 ,S&P 500,1.60%,-22.11%,-29.49%,--,-34.60%,-18.99%,0.14%,Real Estate,Office REITs
ATO,Atmos Energy Corp,$17B (Mid),$115.28 ,S&P 500,4.10%,2.86%,-6.78%,8.01%,5.60%,24.06%,49.11%,Utilities,Gas Utilities
ATVI,Activision Blizzard Inc,$63B (Large),$80.20 ,S&P 500,3.00%,4.77%,-4.56%,-9.98%,2.51%,24.98%,21.05%,Communication Services,Entertainment
AVB,Avalonbay Communities Inc,$25B (Mid),$173.98 ,S&P 500,1.50%,7.71%,-2.37%,--,-18.97%,20.95%,24.28%,Real Estate,Residential REITs
AVGO,Broadcom Inc,$337B (Large),$807.96 ,S&P 500,1.60%,44.50%,31.17%,-14.91%,43.93%,240.47%,315.40%,Information Technology,Semiconductors & Semiconductor Equipment
AVY,Avery Dennison Corp,$13B (Mid),$161.13 ,S&P 500,2.10%,-10.98%,-17.75%,--,-7.52%,58.21%,68.71%,Materials,Containers & Packaging
AWK,American Water Works Company Inc,$28B (Mid),$144.45 ,S&P 500,1.10%,-5.23%,-14.23%,1.90%,-1.61%,26.58%,80.80%,Utilities,Water Utilities
AXON,Axon Enterprise Inc,$14B (Mid),$192.91 ,S&P 500,2.60%,16.26%,6.28%,21.57%,66.14%,177.85%,365.33%,Industrials,Aerospace & Defense
AXP,American Express Co,$118B (Large),$158.56 ,S&P 500,0.90%,7.32%,-2.36%,0.52%,-6.57%,86.27%,72.09%,Financials,Consumer Finance
AZO,Autozone Inc,$44B (Large),"$2,386.84 ",S&P 500,1.60%,-3.22%,-9.13%,2.91%,22.32%,146.83%,288.29%,Consumer Discretionary,Specialty Retail
BA,Boeing Co,$124B (Large),$205.70 ,S&P 500,1.30%,7.98%,-1.90%,12.61%,37.74%,53.48%,-35.14%,Industrials,Aerospace & Defense
BAC,Bank of America Corp,$221B (Large),$27.79 ,S&P 500,1.00%,-16.09%,-22.10%,0.46%,-19.86%,31.15%,5.54%,Financials,Banks
BALL,Ball Corp,$16B (Mid),$51.16 ,S&P 500,5.30%,0.04%,-7.15%,9.78%,-34.63%,-18.40%,38.79%,Materials,Containers & Packaging
BAX,Baxter International Inc,$21B (Mid),$40.72 ,S&P 500,1.10%,-20.11%,-27.76%,-25.04%,-41.66%,-51.87%,-38.44%,Health Care,Health Care Equipment & Supplies
BBWI,Bath & Body Works Inc,$8B (Mid),$35.24 ,S&P 500,3.80%,-16.37%,-21.38%,-10.50%,-31.74%,286.14%,53.33%,Consumer Discretionary,Specialty Retail
BBY,Best Buy Co Inc,$16B (Mid),$72.67 ,S&P 500,5.20%,-9.40%,-16.45%,-5.11%,-17.98%,12.13%,13.74%,Consumer Discretionary,Specialty Retail
BDX,Becton Dickinson and Co,$69B (Large),$241.76 ,S&P 500,0.90%,-4.93%,-14.42%,-10.42%,-1.53%,1.18%,11.80%,Health Care,Health Care Equipment & Supplies
BEN,Franklin Resources Inc,$12B (Mid),$24.01 ,S&P 500,3.00%,-8.98%,-14.48%,-1.35%,2.29%,56.20%,-8.17%,Financials,Capital Markets
BF/B,Brown-Forman Corp,$19B (Mid),$61.77 ,S&P 500,2.30%,-5.95%,-14.47%,-4.91%,-4.73%,5.46%,18.80%,Consumer Staples,Beverages
BG,Bunge Ltd,$14B (Mid),$92.64 ,S&P 500,2.70%,-7.15%,-14.04%,-2.95%,-15.97%,172.23%,54.29%,Consumer Staples,Food Products
BIIB,Biogen Inc,$43B (Large),$296.41 ,S&P 500,2.00%,7.04%,-1.53%,19.23%,44.07%,1.91%,8.77%,Health Care,Biotechnology
BIO,Bio Rad Laboratories Inc,$9B (Mid),$373.35 ,S&P 500,1.20%,-11.21%,-17.55%,-1.09%,-24.26%,-12.05%,49.95%,Health Care,Life Sciences Tools & Services
BK,Bank of New York Mellon Corp,$32B (Mid),$40.20 ,S&P 500,0.80%,-11.69%,-18.39%,-5.64%,-1.42%,23.84%,-13.42%,Financials,Capital Markets
BKNG,Booking Holdings Inc,$93B (Large),"$2,508.77 ",S&P 500,1.80%,24.49%,14.56%,13.33%,15.32%,74.54%,16.03%,Consumer Discretionary,"Hotels, Restaurants & Leisure"
BKR,Baker Hughes Co,$28B (Mid),$27.25 ,S&P 500,1.50%,-7.72%,-14.05%,11.98%,-7.14%,125.13%,-8.33%,Energy,Energy Equipment & Services
BLK,BlackRock Inc,$98B (Large),$657.55 ,S&P 500,1.50%,-7.21%,-13.22%,0.03%,10.94%,49.59%,48.05%,Financials,Capital Markets
BMY,Bristol-Myers Squibb Co,$135B (Large),$64.44 ,S&P 500,1.00%,-10.44%,-19.16%,-4.32%,-12.51%,16.02%,41.28%,Health Care,Pharmaceuticals
BR,Broadridge Financial Solutions Inc,$17B (Mid),$146.72 ,S&P 500,2.40%,9.39%,0.59%,12.36%,5.18%,37.60%,49.07%,Industrials,Professional Services
BRK/B,Berkshire Hathaway Inc,-- ,$321.08 ,S&P 500,0.40%,3.94%,--,4.38%,1.26%,76.38%,65.13%,Financials,Financial Services
BRO,Brown & Brown Inc,$18B (Mid),$62.33 ,S&P 500,1.00%,9.41%,0.93%,16.67%,5.78%,83.99%,141.76%,Financials,Insurance
BSX,Boston Scientific Corp,$74B (Large),$51.48 ,S&P 500,1.10%,11.26%,-0.38%,4.96%,21.28%,40.29%,71.27%,Health Care,Health Care Equipment & Supplies
BWA,Borgwarner Inc,$10B (Mid),$44.33 ,S&P 500,2.90%,10.14%,5.95%,12.64%,27.17%,80.59%,4.66%,Consumer Discretionary,Automobile Components
BXP,Boston Properties Inc,$8B (Mid),$48.67 ,S&P 500,5.50%,-27.98%,-33.83%,--,-55.76%,-39.76%,-51.43%,Real Estate,Office REITs
C,Citigroup Inc,$86B (Large),$44.32 ,S&P 500,1.50%,-2.01%,-9.77%,13.96%,-4.29%,9.90%,-21.93%,Financials,Banks
CAG,Conagra Brands Inc,$17B (Mid),$34.87 ,S&P 500,3.30%,-9.90%,-19.11%,-8.50%,3.92%,14.06%,9.82%,Consumer Staples,Food Products
CAH,Cardinal Health Inc,$21B (Mid),$82.30 ,S&P 500,2.20%,7.06%,-3.41%,16.76%,44.24%,90.03%,53.35%,Health Care,Health Care Providers & Services
CARR,Carrier Global Corp,$34B (Mid),$40.90 ,S&P 500,2.40%,-0.85%,-7.60%,-6.47%,10.05%,159.31%,--,Industrials,Building Products
CAT,Caterpillar Inc,$106B (Large),$205.75 ,S&P 500,1.50%,-14.11%,-20.01%,-9.24%,1.36%,102.55%,64.56%,Industrials,Machinery
CB,Chubb Ltd,$77B (Large),$185.80 ,S&P 500,0.60%,-15.78%,-21.33%,-7.71%,-5.78%,97.92%,54.63%,Financials,Insurance
CBOE,Cboe Global Markets Inc,$14B (Mid),$132.42 ,S&P 500,2.50%,5.54%,-3.73%,10.43%,20.59%,48.34%,33.11%,Financials,Capital Markets
CBRE,CBRE Group Inc,$23B (Mid),$74.92 ,S&P 500,2.90%,-2.65%,-10.97%,--,-8.96%,89.04%,63.86%,Real Estate,Real Estate Management & Development
CCI,Crown Castle Inc,$49B (Large),$113.21 ,S&P 500,0.90%,-16.54%,-24.47%,--,-35.38%,-20.58%,32.36%,Real Estate,Specialized REITs
CCL,Carnival Corp,$13B (Mid),$11.23 ,S&P 500,11.60%,39.33%,28.90%,29.04%,-34.41%,-18.31%,-80.84%,Consumer Discretionary,"Hotels, Restaurants & Leisure"
CDAY,Ceridian HCM Holding Inc,$10B (Mid),$61.85 ,S&P 500,7.40%,-3.59%,-12.19%,-1.64%,7.62%,8.82%,96.00%,Industrials,Professional Services
CDNS,Cadence Design Systems Inc,$63B (Large),$230.91 ,S&P 500,1.40%,43.74%,33.42%,11.45%,55.99%,209.53%,481.93%,Information Technology,Software
CDW,CDW Corp,$23B (Mid),$171.69 ,S&P 500,1.20%,-3.86%,-10.73%,-9.91%,8.03%,69.75%,156.26%,Information Technology,"Electronic Equipment, Instruments & Components"
CE,Celanese Corp,$11B (Mid),$104.02 ,S&P 500,4.00%,1.74%,-3.56%,7.57%,-24.07%,45.38%,14.49%,Materials,Chemicals
CEG,Constellation Energy Corp,$27B (Mid),$84.02 ,S&P 500,2.20%,-2.54%,-11.36%,6.49%,45.68%,--,--,Utilities,Electric Utilities
CF,CF Industries Holdings Inc,$12B (Mid),$61.51 ,S&P 500,1.90%,-27.81%,-33.55%,-25.28%,-34.24%,152.62%,83.52%,Materials,Chemicals
CFG,Citizens Financial Group Inc,$12B (Mid),$25.78 ,S&P 500,5.30%,-34.52%,-36.99%,-15.86%,-27.80%,44.36%,-18.22%,Financials,Banks
CHD,Church & Dwight Co Inc,$23B (Mid),$92.45 ,S&P 500,1.30%,14.69%,3.88%,17.42%,-3.22%,33.81%,111.65%,Consumer Staples,Household Products
CHRW,CH Robinson Worldwide Inc,$11B (Mid),$94.54 ,S&P 500,12.20%,3.25%,-2.73%,0.11%,-7.91%,47.14%,20.55%,Industrials,Air Freight & Logistics
CHTR,Charter Communications Inc,$49B (Large),$326.15 ,S&P 500,5.90%,-3.82%,-10.25%,-7.77%,-22.93%,-34.59%,19.31%,Communication Services,Media
CI,Cigna Group,$73B (Large),$247.41 ,S&P 500,1.00%,-25.33%,-33.14%,-15.82%,0.17%,34.78%,47.47%,Health Care,Health Care Providers & Services
CINF,Cincinnati Financial Corp,$15B (Mid),$96.50 ,S&P 500,1.50%,-5.75%,-11.83%,2.69%,-15.93%,75.48%,58.17%,Financials,Insurance
CL,Colgate-Palmolive Co,$62B (Large),$74.38 ,S&P 500,1.70%,-5.60%,-13.15%,-1.24%,2.25%,17.36%,30.11%,Consumer Staples,Household Products
CLX,Clorox Co,$20B (Mid),$158.18 ,S&P 500,3.50%,12.72%,2.10%,15.47%,13.10%,-11.70%,53.39%,Consumer Staples,Household Products
CMA,Comerica Inc,$5B (Small),$36.10 ,S&P 500,6.10%,-46.00%,-48.66%,-28.64%,-52.25%,31.36%,-51.05%,Financials,Banks
CMCSA,Comcast Corp,$164B (Large),$39.35 ,S&P 500,1.00%,12.53%,2.24%,5.91%,-0.14%,13.61%,36.77%,Communication Services,Media
CME,CME Group Inc,$64B (Large),$178.75 ,S&P 500,1.10%,6.30%,-3.25%,10.95%,-13.75%,14.78%,34.26%,Financials,Capital Markets
CMG,Chipotle Mexican Grill Inc,$57B (Large),"$2,076.49 ",S&P 500,3.00%,49.66%,36.29%,37.13%,41.76%,136.74%,386.20%,Consumer Discretionary,"Hotels, Restaurants & Leisure"
CMI,Cummins Inc,$29B (Mid),$204.41 ,S&P 500,1.30%,-15.63%,-21.22%,-10.58%,10.94%,44.41%,57.71%,Industrials,Machinery
CMS,CMS Energy Corp,$17B (Mid),$57.98 ,S&P 500,3.20%,-8.45%,-17.97%,-1.49%,-12.87%,11.68%,40.38%,Utilities,Multi-Utilities
CNC,Centene Corp,$34B (Mid),$62.41 ,S&P 500,1.20%,-23.90%,-31.00%,-13.47%,-21.60%,-4.60%,13.97%,Health Care,Health Care Providers & Services
CNP,CenterPoint Energy Inc,$18B (Mid),$28.21 ,S&P 500,1.20%,-5.94%,-14.21%,2.63%,-3.89%,86.42%,30.91%,Utilities,Multi-Utilities
COF,Capital One Financial Corp,$40B (Mid),$104.21 ,S&P 500,2.20%,12.10%,2.84%,6.22%,-14.91%,80.39%,28.27%,Financials,Consumer Finance
COO,Cooper Companies Inc,$18B (Mid),$371.53 ,S&P 500,2.40%,12.36%,1.66%,7.19%,3.14%,31.42%,60.17%,Health Care,Health Care Equipment & Supplies
COP,Conocophillips,$120B (Large),$99.30 ,S&P 500,0.80%,-15.85%,-21.70%,-3.53%,11.60%,194.39%,82.79%,Energy,"Oil, Gas & Consumable Fuels"
COST,Costco Wholesale Corp,$227B (Large),$511.56 ,S&P 500,0.80%,12.06%,1.60%,9.86%,-3.25%,76.54%,177.20%,Consumer Staples,Consumer Staples Distribution & Retail
CPB,Campbell Soup Co,$15B (Mid),$50.55 ,S&P 500,4.50%,-10.93%,-18.97%,-8.34%,10.54%,9.53%,44.28%,Consumer Staples,Food Products
CPRT,Copart Inc,$42B (Large),$87.59 ,S&P 500,1.10%,43.85%,32.84%,36.38%,54.14%,125.59%,243.01%,Industrials,Commercial Services & Supplies
CPT,Camden Property Trust,$11B (Mid),$104.47 ,S&P 500,1.60%,-6.62%,-14.99%,--,-28.42%,33.82%,41.02%,Real Estate,Residential REITs
CRL,Charles River Laboratories International Inc,$10B (Mid),$193.38 ,S&P 500,2.60%,-11.25%,-17.86%,-1.43%,-20.27%,41.46%,86.73%,Health Care,Life Sciences Tools & Services
CRM,Salesforce Inc,$219B (Large),$223.38 ,S&P 500,0.90%,68.47%,50.71%,30.39%,23.26%,39.97%,77.78%,Information Technology,Software
CSCO,Cisco Systems Inc,$202B (Large),$49.67 ,S&P 500,1.20%,4.26%,-3.85%,-2.99%,4.07%,34.46%,30.21%,Information Technology,Communications Equipment
CSGP,CoStar Group Inc,$32B (Mid),$79.40 ,S&P 500,1.50%,2.74%,-7.08%,3.95%,22.09%,26.32%,113.16%,Industrials,Professional Services
CSX,CSX Corp,$62B (Large),$30.67 ,S&P 500,0.90%,-1.00%,-8.73%,2.13%,-8.17%,48.85%,65.99%,Industrials,Ground Transportation
CTAS,Cintas Corp,$48B (Large),$472.14 ,S&P 500,1.20%,4.54%,-4.67%,-4.71%,22.03%,130.54%,189.36%,Industrials,Commercial Services & Supplies
CTLT,Catalent Inc,$7B (Small),$37.23 ,S&P 500,3.50%,-17.29%,-26.13%,-11.95%,-59.59%,-45.32%,-12.03%,Health Care,Pharmaceuticals
CTRA,Coterra Energy Inc,$18B (Mid),$23.25 ,S&P 500,5.20%,-5.37%,-12.49%,6.55%,-10.15%,41.34%,23.00%,Energy,"Oil, Gas & Consumable Fuels"
CTSH,Cognizant Technology Solutions Corp,$32B (Mid),$62.49 ,S&P 500,2.00%,9.27%,-0.31%,-1.81%,-20.92%,15.88%,-18.05%,Information Technology,IT Services
CTVA,Corteva Inc,$38B (Mid),$53.49 ,S&P 500,0.80%,-9.00%,-14.62%,-4.54%,-3.19%,124.08%,--,Materials,Chemicals
CVS,CVS Health Corp,$87B (Large),$68.03 ,S&P 500,1.20%,-27.00%,-34.21%,-16.99%,-28.52%,21.68%,13.79%,Health Care,Health Care Providers & Services
CVX,Chevron Corp,$283B (Large),$150.62 ,S&P 500,0.80%,-16.08%,-22.12%,-3.99%,0.11%,98.61%,54.02%,Energy,"Oil, Gas & Consumable Fuels"
CZR,Caesars Entertainment Inc,$9B (Mid),$41.01 ,"Russell 2000, S&P 500",3.00%,-1.42%,-9.56%,-13.09%,-39.71%,118.74%,2.26%,Consumer Discretionary,"Hotels, Restaurants & Leisure"
D,Dominion Energy Inc,$42B (Large),$50.28 ,S&P 500,0.70%,-18.00%,-25.94%,-10.22%,-36.16%,-26.36%,-7.71%,Utilities,Multi-Utilities
DAL,Delta Air Lines Inc,$23B (Mid),$36.33 ,S&P 500,3.90%,10.56%,0.80%,2.03%,-14.98%,50.41%,-27.49%,Industrials,Passenger Airlines
DD,Dupont De Nemours Inc,$31B (Mid),$67.19 ,S&P 500,1.70%,-2.10%,-8.58%,2.07%,6.98%,62.21%,-14.18%,Materials,Chemicals
DE,Deere & Co,$103B (Large),$345.98 ,S&P 500,0.90%,-19.31%,-25.34%,-15.09%,-6.84%,163.52%,179.61%,Industrials,Machinery
DFS,Discover Financial Services,$26B (Mid),$102.74 ,S&P 500,1.90%,5.02%,-3.58%,-0.81%,-6.06%,169.33%,64.88%,Financials,Consumer Finance
DG,Dollar General Corp,$44B (Large),$201.09 ,S&P 500,2.50%,-18.34%,-24.43%,-18.65%,-12.86%,20.82%,120.79%,Consumer Staples,Consumer Staples Distribution & Retail
DGX,Quest Diagnostics Inc,$15B (Mid),$132.65 ,S&P 500,3.60%,-15.21%,-21.87%,-3.47%,3.11%,30.25%,44.54%,Health Care,Health Care Providers & Services
DHI,DR Horton Inc,$36B (Mid),$106.84 ,S&P 500,2.70%,19.86%,9.99%,2.28%,53.90%,138.83%,158.00%,Consumer Discretionary,Household Durables
DHR,Danaher Corp,$169B (Large),$229.62 ,S&P 500,0.60%,-13.49%,-21.86%,-5.81%,-8.95%,42.83%,130.10%,Health Care,Life Sciences Tools & Services
DIS,Walt Disney Co,$161B (Large),$87.96 ,S&P 500,1.30%,1.24%,-7.72%,-13.43%,-22.63%,-16.76%,-9.75%,Communication Services,Entertainment
DISH,DISH Network Corp,$3B (Small),$6.43 ,S&P 500,10.40%,-54.20%,-56.37%,-58.28%,-75.80%,-72.03%,-79.85%,Communication Services,Media
DLR,Digital Realty Trust Inc,$30B (Mid),$102.46 ,S&P 500,5.60%,2.18%,-8.40%,--,-25.70%,-23.32%,14.35%,Real Estate,Specialized REITs
DLTR,Dollar Tree Inc,$30B (Mid),$134.88 ,S&P 500,3.00%,-4.64%,-10.61%,-3.52%,-15.24%,78.94%,44.36%,Consumer Staples,Consumer Staples Distribution & Retail
DOV,Dover Corp,$19B (Mid),$133.33 ,S&P 500,1.60%,-1.54%,-7.67%,4.27%,3.81%,57.11%,103.42%,Industrials,Machinery
DOW,Dow Inc,$35B (Mid),$48.78 ,S&P 500,1.60%,-3.20%,-10.32%,0.17%,-21.33%,72.13%,--,Materials,Chemicals
DPZ,Domino's Pizza Inc,$10B (Mid),$289.85 ,S&P 500,3.60%,-16.33%,-23.20%,-28.03%,-15.92%,-15.94%,23.50%,Consumer Discretionary,"Hotels, Restaurants & Leisure"
DRI,Darden Restaurants Inc,$19B (Mid),$158.52 ,S&P 500,6.30%,14.60%,5.85%,3.79%,25.16%,148.32%,95.39%,Consumer Discretionary,"Hotels, Restaurants & Leisure"
DTE,DTE Energy Co,$22B (Mid),$107.60 ,S&P 500,0.90%,-8.45%,-17.32%,-0.77%,-14.72%,36.83%,40.21%,Utilities,Multi-Utilities
DUK,Duke Energy Corp,$69B (Large),$89.29 ,S&P 500,1.00%,-13.30%,-21.98%,-5.15%,-14.98%,21.38%,36.96%,Utilities,Electric Utilities
DVA,DaVita Inc,$8B (Mid),$93.67 ,S&P 500,3.10%,25.45%,13.00%,34.73%,-13.80%,20.79%,46.42%,Health Care,Health Care Providers & Services
DVN,Devon Energy Corp,$30B (Mid),$46.10 ,S&P 500,2.30%,-25.05%,-30.30%,-12.95%,-12.93%,417.00%,64.29%,Energy,"Oil, Gas & Consumable Fuels"
DXC,DXC Technology Co,$5B (Small),$25.03 ,S&P 500,3.70%,-5.55%,-12.98%,-15.69%,-13.99%,50.45%,-70.24%,Information Technology,IT Services
DXCM,Dexcom Inc,$45B (Large),$117.26 ,S&P 500,3.70%,3.55%,-8.45%,-3.88%,11.57%,33.01%,518.94%,Health Care,Health Care Equipment & Supplies
EA,Electronic Arts Inc,$35B (Mid),$128.00 ,S&P 500,2.10%,4.76%,-5.49%,-11.00%,6.20%,13.37%,7.16%,Communication Services,Entertainment
EBAY,eBay Inc,$23B (Mid),$42.54 ,S&P 500,2.70%,2.58%,-3.97%,-12.50%,-16.26%,16.26%,23.01%,Consumer Discretionary,Broadline Retail
ECL,Ecolab Inc,$47B (Large),$165.05 ,S&P 500,0.60%,13.39%,3.99%,15.85%,1.51%,-9.84%,18.88%,Materials,Chemicals
ED,Consolidated Edison Inc,$32B (Mid),$93.30 ,S&P 500,2.20%,-2.11%,-11.34%,5.78%,4.93%,35.45%,40.47%,Utilities,Multi-Utilities
EFX,Equifax Inc,$26B (Mid),$208.62 ,S&P 500,3.50%,7.34%,-1.00%,10.61%,3.56%,56.80%,96.13%,Industrials,Professional Services
EIX,Edison International,$26B (Mid),$67.52 ,S&P 500,2.00%,6.13%,-5.69%,12.70%,1.19%,34.92%,23.77%,Utilities,Electric Utilities
EL,Estee Lauder Companies Inc,$66B (Large),$184.03 ,S&P 500,0.90%,-25.83%,-29.38%,-11.72%,-25.33%,14.30%,38.94%,Consumer Staples,Personal Care Products
ELV,Elevance Health Inc,$106B (Large),$447.82 ,S&P 500,0.80%,-12.70%,-21.38%,-2.93%,-10.17%,69.77%,98.99%,Health Care,Health Care Providers & Services
EMN,Eastman Chemical Co,$9B (Mid),$77.09 ,S&P 500,1.50%,-5.34%,-10.50%,-0.02%,-18.76%,45.90%,-8.23%,Materials,Chemicals
EMR,Emerson Electric Co,$44B (Large),$77.68 ,S&P 500,0.90%,-19.13%,-25.50%,-22.76%,-10.66%,57.93%,30.43%,Industrials,Electrical Equipment
ENPH,Enphase Energy Inc,$24B (Mid),$173.88 ,S&P 500,5.00%,-34.38%,-40.00%,-92.88%,3.44%,302.59%,4188.67%,Information Technology,Semiconductors & Semiconductor Equipment
EOG,EOG Resources Inc,$63B (Large),$107.29 ,S&P 500,1.40%,-17.16%,-22.59%,-5.29%,0.69%,189.58%,12.82%,Energy,"Oil, Gas & Consumable Fuels"
EPAM,Epam Systems Inc,$15B (Mid),$256.62 ,S&P 500,2.40%,-21.70%,-28.14%,-32.30%,-10.59%,19.24%,124.34%,Information Technology,IT Services
EQIX,Equinix Inc,$70B (Large),$745.55 ,S&P 500,1.60%,13.82%,2.37%,--,7.07%,15.60%,90.96%,Real Estate,Specialized REITs
EQR,Equity Residential,$23B (Mid),$60.80 ,S&P 500,1.60%,3.05%,-7.12%,--,-21.89%,7.46%,14.67%,Real Estate,Residential REITs
EQT,EQT Corp,$13B (Mid),$34.77 ,S&P 500,5.40%,2.78%,-5.36%,14.37%,-9.33%,150.36%,33.84%,Energy,"Oil, Gas & Consumable Fuels"
ES,Eversource Energy,$24B (Mid),$69.23 ,S&P 500,1.20%,-17.43%,-26.04%,-9.59%,-17.98%,-6.32%,32.72%,Utilities,Electric Utilities
ESS,Essex Property Trust Inc,$14B (Mid),$216.06 ,S&P 500,1.60%,1.95%,-7.59%,--,-30.15%,0.14%,4.38%,Real Estate,Residential REITs
ETN,Eaton Corporation PLC,$70B (Large),$175.90 ,S&P 500,1.10%,12.07%,5.76%,11.47%,27.42%,138.78%,184.38%,Industrials,Electrical Equipment
ETR,Entergy Corp,$21B (Mid),$98.20 ,S&P 500,0.90%,-12.71%,-21.50%,-4.62%,-14.07%,16.72%,45.05%,Utilities,Electric Utilities
ETSY,ETSY Inc,$10B (Mid),$81.05 ,S&P 500,9.70%,-32.33%,-37.13%,-48.81%,-15.02%,28.00%,172.06%,Consumer Discretionary,Broadline Retail
EVRG,Evergy Inc,$13B (Mid),$57.85 ,S&P 500,1.00%,-8.07%,-17.28%,0.01%,-10.83%,14.97%,26.58%,Utilities,Electric Utilities
EW,Edwards Lifesciences Corp,$51B (Large),$84.23 ,S&P 500,1.60%,12.89%,-0.38%,4.95%,-22.34%,16.67%,84.20%,Health Care,Health Care Equipment & Supplies
EXC,Exelon Corp,$39B (Mid),$39.65 ,S&P 500,1.00%,-8.28%,-16.92%,0.40%,-12.20%,72.35%,63.62%,Utilities,Electric Utilities
EXPD,Expeditors International of Washington Inc,$17B (Mid),$110.31 ,S&P 500,6.30%,6.15%,1.12%,4.33%,16.48%,66.87%,90.70%,Industrials,Air Freight & Logistics
EXPE,Expedia Group Inc,$14B (Mid),$95.71 ,S&P 500,3.00%,9.26%,1.10%,-1.42%,-44.51%,44.16%,-12.56%,Consumer Discretionary,"Hotels, Restaurants & Leisure"
EXR,Extra Space Storage Inc,$19B (Mid),$144.27 ,S&P 500,9.10%,-1.98%,-9.33%,--,-17.09%,84.84%,91.16%,Real Estate,Specialized REITs
F,Ford Motor Co,$48B (Large),$12.00 ,S&P 500,4.70%,3.18%,3.84%,-40.37%,-3.09%,185.84%,39.82%,Consumer Discretionary,Automobiles
FANG,Diamondback Energy Inc,$23B (Mid),$127.15 ,S&P 500,2.80%,-7.04%,-13.57%,5.37%,10.84%,270.51%,18.44%,Energy,"Oil, Gas & Consumable Fuels"
FAST,Fastenal Co,$31B (Mid),$53.85 ,S&P 500,2.50%,13.80%,5.92%,4.26%,2.50%,66.30%,154.12%,Industrials,Trading Companies & Distributors
FCX,Freeport-McMoRan Inc,$49B (Large),$34.34 ,S&P 500,1.50%,-9.63%,-17.76%,-4.00%,-13.27%,317.25%,142.95%,Materials,Metals & Mining
FDS,Factset Research Systems Inc,$15B (Mid),$384.89 ,S&P 500,1.20%,-4.07%,-11.29%,2.15%,-0.16%,48.99%,117.50%,Financials,Capital Markets
FDX,FedEx Corp,$55B (Large),$217.98 ,S&P 500,1.50%,25.85%,19.20%,24.14%,17.43%,100.53%,-0.25%,Industrials,Air Freight & Logistics
FE,FirstEnergy Corp,$21B (Mid),$37.39 ,S&P 500,2.00%,-10.85%,-19.46%,-2.38%,-9.49%,3.96%,34.87%,Utilities,Electric Utilities
FFIV,F5 Inc,$9B (Mid),$147.58 ,S&P 500,3.10%,2.84%,-6.08%,-5.43%,-14.29%,9.11%,-10.35%,Information Technology,Communications Equipment
FICO,Fair Isaac Corp,$20B (Mid),$787.67 ,S&P 500,2.70%,31.59%,20.55%,-2.64%,111.29%,134.81%,353.27%,Information Technology,Software
FIS,Fidelity National Information Services Inc,$32B (Mid),$54.57 ,S&P 500,1.60%,-19.57%,-27.38%,-20.38%,-43.24%,-56.14%,-41.78%,Financials,Financial Services
FISV,Fiserv Inc,$69B (Large),$112.19 ,S&P 500,1.50%,11.00%,2.04%,11.84%,16.30%,12.68%,57.70%,Financials,Financial Services
FITB,Fifth Third Bancorp,$17B (Mid),$24.27 ,S&P 500,1.30%,-26.03%,-29.18%,-7.30%,-29.72%,60.36%,-8.19%,Financials,Banks
FLT,Fleetcor Technologies Inc,$17B (Mid),$226.55 ,S&P 500,1.90%,23.34%,14.79%,25.81%,-7.02%,-0.81%,9.79%,Financials,Financial Services
FMC,FMC Corp,$13B (Mid),$104.08 ,S&P 500,0.90%,-16.60%,-23.77%,-14.56%,-19.38%,22.44%,64.70%,Materials,Chemicals
FOX,Fox Corp,-- ,$29.21 ,S&P 500,1.00%,2.67%,--,-3.12%,-12.14%,22.20%,--,Communication Services,Media
FOXA,Fox Corp,$8B (Mid),$31.20 ,S&P 500,7.40%,2.73%,-5.37%,-2.42%,-12.68%,28.89%,--,Communication Services,Media
FRT,Federal Realty Investment Trust,$7B (Small),$88.20 ,S&P 500,2.90%,-12.71%,-21.13%,--,-20.84%,26.29%,-9.90%,Real Estate,Retail REITs
FSLR,First Solar Inc,$22B (Mid),$202.96 ,S&P 500,3.10%,35.50%,23.36%,-23.47%,174.85%,382.13%,199.81%,Information Technology,Semiconductors & Semiconductor Equipment
FTNT,Fortinet Inc,$54B (Large),$68.33 ,S&P 500,1.40%,39.76%,27.99%,5.51%,17.35%,228.45%,514.82%,Information Technology,Software
FTV,Fortive Corp,$23B (Mid),$65.11 ,S&P 500,1.30%,1.34%,-4.45%,7.79%,15.04%,34.17%,13.99%,Industrials,Machinery
GD,General Dynamics Corp,$56B (Large),$204.18 ,S&P 500,1.10%,-17.71%,-24.48%,-12.12%,-10.01%,72.99%,17.37%,Industrials,Aerospace & Defense
GE,General Electric Co,$111B (Large),$101.53 ,S&P 500,1.20%,55.28%,42.98%,51.12%,74.45%,155.52%,26.05%,Industrials,Industrial Conglomerates
GEHC,GE Healthcare Technologies Inc,$36B (Mid),$79.51 ,S&P 500,1.20%,36.19%,21.92%,29.38%,--,--,--,Health Care,Health Care Equipment & Supplies
GEN,Gen Digital Inc,$11B (Mid),$17.54 ,S&P 500,2.70%,-18.15%,-26.64%,-54.33%,-30.14%,-11.26%,19.57%,Information Technology,Software
GILD,Gilead Sciences Inc,$96B (Large),$76.94 ,S&P 500,1.40%,-10.38%,-18.83%,0.28%,31.92%,8.34%,28.18%,Health Care,Biotechnology
GIS,General Mills Inc,$49B (Large),$84.16 ,S&P 500,2.00%,0.37%,-9.33%,2.21%,23.08%,53.12%,126.90%,Consumer Staples,Food Products
GL,Globe Life Inc,$10B (Mid),$103.18 ,S&P 500,1.30%,-14.41%,-20.37%,-6.66%,8.02%,34.79%,26.41%,Financials,Insurance
GLW,Corning Inc,$26B (Mid),$30.81 ,S&P 500,0.70%,-3.54%,-10.93%,-10.13%,-9.74%,65.65%,34.60%,Information Technology,"Electronic Equipment, Instruments & Components"
GM,General Motors Co,$45B (Large),$32.41 ,S&P 500,2.40%,-3.66%,-9.46%,-49.46%,-12.64%,60.71%,0.24%,Consumer Discretionary,Automobiles
GNRC,Generac Holdings Inc,$7B (Small),$108.92 ,S&P 500,7.00%,8.21%,2.72%,8.14%,-50.04%,21.40%,151.83%,Industrials,Electrical Equipment
GOOG,Alphabet Inc,-- ,$123.37 ,S&P 500,0.60%,39.04%,--,-15.27%,6.39%,88.76%,140.31%,Communication Services,Interactive Media & Services
GOOGL,Alphabet Inc,$838B (Large),$122.87 ,S&P 500,0.80%,39.26%,27.97%,-15.57%,6.08%,87.76%,137.66%,Communication Services,Interactive Media & Services
GPC,Genuine Parts Co,$21B (Mid),$148.93 ,S&P 500,1.60%,-14.17%,-17.02%,-5.93%,23.65%,127.64%,105.17%,Consumer Discretionary,Distributors
GPN,Global Payments Inc,$26B (Mid),$97.69 ,S&P 500,1.40%,-1.64%,-8.88%,-0.11%,-19.57%,-37.47%,-10.57%,Financials,Financial Services
GRMN,Garmin Ltd,$20B (Mid),$103.15 ,S&P 500,1.80%,11.77%,4.36%,-3.88%,-2.67%,42.26%,104.01%,Consumer Discretionary,Household Durables
GS,Goldman Sachs Group Inc,$108B (Large),$323.90 ,S&P 500,1.00%,-5.67%,-12.04%,1.32%,9.52%,100.00%,55.36%,Financials,Capital Markets
GWW,WW Grainger Inc,$33B (Mid),$649.02 ,S&P 500,2.30%,16.68%,7.35%,5.83%,35.28%,156.07%,152.31%,Industrials,Trading Companies & Distributors
HAL,Halliburton Co,$26B (Mid),$28.65 ,S&P 500,3.20%,-27.19%,-31.02%,-6.61%,-16.11%,215.59%,-37.82%,Energy,Energy Equipment & Services
HAS,Hasbro Inc,$8B (Mid),$59.35 ,S&P 500,6.20%,-2.72%,-9.56%,-1.57%,-29.61%,-2.40%,-18.88%,Consumer Discretionary,Leisure Products
HBAN,Huntington Bancshares Inc,$15B (Mid),$10.31 ,S&P 500,3.50%,-26.88%,-31.17%,-9.48%,-15.83%,42.79%,-9.94%,Financials,Banks
HCA,HCA Healthcare Inc,$73B (Large),$264.19 ,S&P 500,0.80%,10.10%,0.51%,21.05%,26.64%,157.37%,187.39%,Health Care,Health Care Providers & Services
HD,Home Depot Inc,$285B (Large),$283.45 ,S&P 500,1.40%,-10.26%,-15.48%,-4.05%,-2.23%,43.39%,78.49%,Consumer Discretionary,Specialty Retail
HES,Hess Corp,$39B (Mid),$126.67 ,S&P 500,1.40%,-10.68%,-17.67%,0.88%,26.44%,201.94%,140.63%,Energy,"Oil, Gas & Consumable Fuels"
HIG,Hartford Financial Services Group Inc,$21B (Mid),$68.52 ,S&P 500,0.90%,-9.64%,-17.18%,-3.16%,0.35%,107.57%,43.83%,Financials,Insurance
HII,Huntington Ingalls Industries Inc,$8B (Mid),$201.38 ,S&P 500,2.20%,-12.70%,-20.03%,-7.25%,-2.15%,17.40%,-4.19%,Industrials,Aerospace & Defense
HLT,Hilton Worldwide Holdings Inc,$36B (Mid),$136.12 ,S&P 500,1.60%,7.72%,-1.68%,-4.46%,-11.96%,89.96%,72.91%,Consumer Discretionary,"Hotels, Restaurants & Leisure"
HOLX,Hologic Inc,$19B (Mid),$78.89 ,S&P 500,2.20%,5.45%,-4.00%,0.98%,7.89%,59.23%,98.49%,Health Care,Health Care Equipment & Supplies
HON,Honeywell International Inc,$127B (Large),$191.60 ,S&P 500,0.80%,-10.59%,-17.12%,-14.71%,1.37%,51.36%,56.44%,Industrials,Industrial Conglomerates
HPE,Hewlett Packard Enterprise Co,$19B (Mid),$14.42 ,S&P 500,2.40%,-9.65%,-11.22%,--,4.32%,81.90%,6.87%,Information Technology,"Technology Hardware, Storage & Peripherals"
HPQ,HP Inc,$29B (Mid),$29.06 ,S&P 500,2.20%,8.15%,5.09%,--,-13.70%,130.94%,65.58%,Information Technology,"Technology Hardware, Storage & Peripherals"
HRL,Hormel Foods Corp,$21B (Mid),$38.25 ,S&P 500,2.20%,-16.03%,-23.17%,-12.95%,-24.25%,-12.22%,17.87%,Consumer Staples,Food Products
HSIC,Henry Schein Inc,$10B (Mid),$73.90 ,S&P 500,2.90%,-7.47%,-15.28%,3.76%,-7.87%,42.13%,23.00%,Health Care,Health Care Providers & Services
HST,Host Hotels & Resorts Inc,$12B (Mid),$16.60 ,S&P 500,4.20%,3.43%,-5.63%,--,-14.30%,51.02%,-2.32%,Real Estate,Hotel & Resort REITs
HSY,Hershey Co,$53B (Large),$259.70 ,S&P 500,1.70%,12.15%,1.07%,13.61%,20.45%,106.01%,213.71%,Consumer Staples,Food Products
HUM,Humana Inc,$63B (Large),$501.87 ,S&P 500,1.20%,-2.01%,-11.75%,7.62%,14.97%,35.65%,73.61%,Health Care,Health Care Providers & Services
HWM,Howmet Aerospace Inc,$18B (Mid),$42.75 ,S&P 500,1.00%,8.48%,0.73%,15.49%,29.01%,248.82%,227.84%,Industrials,Aerospace & Defense
IBM,International Business Machines Corp,$117B (Large),$128.59 ,S&P 500,2.90%,-8.73%,-16.10%,-19.10%,3.57%,31.05%,20.72%,Information Technology,IT Services
ICE,Intercontinental Exchange Inc,$59B (Large),$105.95 ,S&P 500,0.80%,3.28%,-7.09%,6.74%,-6.55%,22.37%,53.94%,Financials,Capital Markets
IDXX,IDEXX Laboratories Inc,$39B (Mid),$464.77 ,S&P 500,2.70%,13.93%,4.33%,10.12%,7.81%,72.20%,139.01%,Health Care,Health Care Equipment & Supplies
IEX,IDEX Corp,$15B (Mid),$199.16 ,S&P 500,1.20%,-12.78%,-18.92%,-8.05%,7.98%,38.61%,61.22%,Industrials,Machinery
IFF,International Flavors & Fragrances Inc,$20B (Mid),$77.29 ,S&P 500,1.40%,-26.28%,-31.89%,-23.46%,-33.53%,-33.04%,-37.46%,Materials,Chemicals
ILMN,Illumina Inc,$31B (Mid),$196.65 ,S&P 500,2.70%,-2.74%,-12.18%,4.79%,-35.35%,-36.41%,-19.95%,Health Care,Life Sciences Tools & Services
INCY,Incyte Corp,$14B (Mid),$61.55 ,S&P 500,3.10%,-23.37%,-29.67%,-11.60%,-18.65%,-36.41%,1.68%,Health Care,Biotechnology
INTC,Intel Corp,$131B (Large),$31.44 ,S&P 500,1.60%,18.96%,3.59%,-45.12%,-30.05%,-42.31%,-34.80%,Information Technology,Semiconductors & Semiconductor Equipment
INTU,Intuit Inc,$117B (Large),$419.12 ,S&P 500,1.30%,7.68%,-4.75%,-30.35%,-4.20%,58.47%,124.57%,Information Technology,Software
INVH,Invitation Homes Inc,$21B (Mid),$33.88 ,S&P 500,2.40%,14.30%,3.46%,--,-9.45%,58.26%,61.57%,Real Estate,Residential REITs
IP,International Paper Co,$10B (Mid),$29.44 ,S&P 500,3.60%,-14.99%,-20.54%,--,-31.27%,8.72%,-21.32%,Materials,Containers & Packaging
IPG,Interpublic Group of Companies Inc,$14B (Mid),$37.19 ,S&P 500,3.90%,11.65%,4.92%,8.85%,21.24%,162.15%,99.69%,Communication Services,Media
IQV,IQVIA Holdings Inc,$37B (Mid),$196.91 ,S&P 500,1.10%,-3.89%,-11.48%,5.55%,-8.48%,45.51%,102.72%,Health Care,Life Sciences Tools & Services
IR,Ingersoll Rand Inc,$23B (Mid),$56.66 ,S&P 500,1.40%,8.44%,2.11%,14.98%,31.42%,108.30%,88.05%,Industrials,Machinery
IRM,Iron Mountain Inc,$16B (Mid),$53.42 ,S&P 500,4.30%,7.16%,-2.20%,--,10.42%,170.84%,117.30%,Real Estate,Specialized REITs
ISRG,Intuitive Surgical Inc,$108B (Large),$307.84 ,S&P 500,0.70%,16.01%,5.65%,11.56%,27.59%,84.66%,105.83%,Health Care,Health Care Equipment & Supplies
IT,Gartner Inc,$27B (Mid),$342.86 ,S&P 500,2.70%,2.00%,-6.97%,-9.11%,18.09%,198.04%,180.72%,Information Technology,IT Services
ITW,Illinois Tool Works Inc,$66B (Large),$218.73 ,S&P 500,1.90%,-0.71%,-7.42%,4.54%,14.53%,50.18%,75.63%,Industrials,Machinery
IVZ,Invesco Ltd,$7B (Small),$14.38 ,S&P 500,2.70%,-20.07%,-24.79%,-12.65%,-16.80%,111.68%,-32.89%,Financials,Capital Markets
J,Jacobs Solutions Inc,$14B (Mid),$109.60 ,S&P 500,1.10%,-8.72%,-13.97%,-3.59%,-17.10%,43.61%,102.12%,Industrials,Professional Services
JBHT,J B Hunt Transport Services Inc,$17B (Mid),$166.97 ,S&P 500,3.10%,-4.24%,-10.33%,0.38%,1.82%,74.52%,54.70%,Industrials,Ground Transportation
JCI,Johnson Controls International PLC,$41B (Mid),$59.70 ,S&P 500,1.10%,-6.72%,-12.01%,-11.30%,2.83%,136.77%,94.34%,Industrials,Building Products
JKHY,Jack Henry & Associates Inc,$11B (Mid),$152.89 ,S&P 500,4.70%,-12.91%,-22.74%,-15.30%,-20.82%,-2.77%,29.75%,Financials,Financial Services
JNJ,Johnson & Johnson,$403B (Large),$155.06 ,S&P 500,0.50%,-12.22%,-20.22%,-5.48%,-10.58%,13.45%,40.99%,Health Care,Pharmaceuticals
JNPR,Juniper Networks Inc,$10B (Mid),$30.37 ,S&P 500,2.40%,-4.97%,-12.33%,-12.27%,-2.12%,53.74%,43.78%,Information Technology,Communications Equipment
JPM,JPMorgan Chase & Co,$397B (Large),$135.71 ,S&P 500,0.60%,1.20%,-6.42%,17.64%,17.94%,61.29%,46.80%,Financials,Banks
K,Kellogg Co,$23B (Mid),$66.77 ,S&P 500,3.10%,-6.27%,-14.89%,-3.88%,1.92%,13.76%,35.10%,Consumer Staples,Food Products
KDP,Keurig Dr Pepper Inc,$44B (Large),$31.12 ,S&P 500,0.80%,-12.73%,-20.63%,-11.66%,-13.25%,27.42%,--,Consumer Staples,Beverages
KEY,KeyCorp,$9B (Mid),$9.34 ,S&P 500,3.90%,-46.38%,-47.96%,-27.86%,-45.68%,3.92%,-37.65%,Financials,Banks
KEYS,Keysight Technologies Inc,$29B (Mid),$161.80 ,S&P 500,2.10%,-5.42%,-13.40%,-12.83%,14.38%,72.92%,216.01%,Information Technology,"Electronic Equipment, Instruments & Components"
KHC,Kraft Heinz Co,$47B (Large),$38.22 ,S&P 500,1.00%,-6.12%,-15.12%,-4.13%,-6.04%,46.66%,-14.14%,Consumer Staples,Food Products
KIM,Kimco Realty Corp,$11B (Mid),$18.38 ,S&P 500,2.60%,-13.22%,-21.76%,--,-23.18%,89.15%,55.93%,Real Estate,Retail REITs
KLAC,KLA Corp,$61B (Large),$442.99 ,S&P 500,1.60%,17.49%,11.08%,-36.92%,42.82%,219.01%,392.79%,Information Technology,Semiconductors & Semiconductor Equipment
KMB,Kimberly-Clark Corp,$45B (Large),$134.28 ,S&P 500,1.70%,-1.08%,-10.17%,2.03%,1.81%,8.07%,53.01%,Consumer Staples,Household Products
KMI,Kinder Morgan Inc,$36B (Mid),$16.11 ,S&P 500,1.70%,-10.90%,-18.45%,0.03%,-5.44%,35.20%,35.89%,Energy,"Oil, Gas & Consumable Fuels"
KMX,Carmax Inc,$11B (Mid),$72.21 ,S&P 500,14.00%,18.59%,10.89%,24.85%,-18.85%,4.07%,16.40%,Consumer Discretionary,Specialty Retail
KO,Coca-Cola Co,$258B (Large),$59.66 ,S&P 500,0.50%,-6.21%,-14.20%,-4.62%,-2.98%,43.84%,64.37%,Consumer Staples,Beverages
KR,Kroger Co,$33B (Mid),$45.33 ,S&P 500,2.60%,1.68%,-5.88%,1.67%,-12.19%,53.66%,107.09%,Consumer Staples,Consumer Staples Distribution & Retail
L,Loews Corp,$13B (Mid),$56.00 ,S&P 500,0.60%,-3.99%,-10.16%,4.53%,-6.28%,84.44%,12.33%,Financials,Insurance
LDOS,Leidos Holdings Inc,$11B (Mid),$78.06 ,S&P 500,1.20%,-25.79%,-31.23%,-22.49%,-22.30%,-15.46%,35.13%,Industrials,Professional Services
LEN,Lennar Corp,$31B (Mid),$107.12 ,S&P 500,2.60%,18.36%,8.75%,0.92%,40.76%,127.07%,110.35%,Consumer Discretionary,Household Durables
LH,Laboratory Corporation of America Holdings,$19B (Mid),$212.53 ,S&P 500,1.80%,-9.75%,-17.83%,0.95%,-11.48%,35.26%,25.88%,Health Care,Health Care Providers & Services
LHX,L3Harris Technologies Inc,$33B (Mid),$175.92 ,S&P 500,1.00%,-15.51%,-22.68%,-10.15%,-23.50%,-1.48%,27.03%,Industrials,Aerospace & Defense
LIN,Linde PLC,$173B (Large),$353.66 ,S&P 500,0.70%,8.42%,-0.66%,10.75%,15.00%,106.02%,152.01%,Materials,Chemicals
LKQ,LKQ Corp,$14B (Mid),$52.75 ,S&P 500,1.20%,-1.24%,-9.73%,2.05%,7.61%,120.27%,80.54%,Consumer Discretionary,Distributors
LLY,Eli Lilly and Co,$408B (Large),$429.46 ,S&P 500,0.60%,17.39%,6.62%,23.92%,49.81%,192.10%,493.59%,Health Care,Pharmaceuticals
LMT,Lockheed Martin Corp,$113B (Large),$444.01 ,S&P 500,0.80%,-8.73%,-15.93%,-2.76%,6.65%,26.69%,65.83%,Industrials,Aerospace & Defense
LNC,Lincoln National Corp,$4B (Small),$20.92 ,S&P 500,4.30%,-31.90%,-35.57%,-23.31%,-62.54%,-24.86%,-63.29%,Financials,Insurance
LNT,Alliant Energy Corp,$13B (Mid),$51.46 ,S&P 500,1.70%,-6.79%,-15.65%,1.79%,-8.92%,18.14%,38.32%,Utilities,Electric Utilities
LOW,Lowe's Companies Inc,$119B (Large),$201.13 ,S&P 500,1.60%,0.95%,-5.74%,6.62%,3.43%,107.02%,171.19%,Consumer Discretionary,Specialty Retail
LRCX,Lam Research Corp,$83B (Large),$616.70 ,S&P 500,2.10%,46.73%,36.84%,-8.71%,33.36%,178.21%,259.72%,Information Technology,Semiconductors & Semiconductor Equipment
LUV,Southwest Airlines Co,$18B (Mid),$29.87 ,S&P 500,2.90%,-11.29%,-19.20%,-19.87%,-35.28%,3.03%,-41.61%,Industrials,Passenger Airlines
LVS,Las Vegas Sands Corp,$42B (Large),$55.13 ,S&P 500,1.70%,14.69%,4.52%,2.33%,49.99%,20.65%,-18.28%,Consumer Discretionary,"Hotels, Restaurants & Leisure"
LW,Lamb Weston Holdings Inc,$16B (Mid),$111.20 ,S&P 500,1.70%,24.44%,11.65%,25.19%,68.39%,95.59%,79.54%,Consumer Staples,Food Products
LYB,LyondellBasell Industries NV,$28B (Mid),$85.54 ,S&P 500,2.10%,3.02%,-4.65%,6.38%,-10.35%,93.25%,12.76%,Materials,Chemicals
LYV,Live Nation Entertainment Inc,$18B (Mid),$79.94 ,S&P 500,5.30%,14.63%,5.03%,0.53%,-23.47%,94.87%,101.84%,Communication Services,Entertainment
MA,Mastercard Inc,$346B (Large),$365.02 ,S&P 500,0.60%,4.97%,-3.51%,5.76%,3.01%,39.01%,109.52%,Financials,Financial Services
MAA,Mid-America Apartment Communities Inc,$17B (Mid),$147.06 ,S&P 500,2.30%,-6.33%,-14.44%,--,-19.78%,46.48%,86.01%,Real Estate,Residential REITs
MAR,Marriott International Inc,$51B (Large),$167.79 ,S&P 500,1.80%,12.69%,3.68%,1.41%,-3.97%,101.84%,27.84%,Consumer Discretionary,"Hotels, Restaurants & Leisure"
MAS,Masco Corp,$11B (Mid),$48.32 ,S&P 500,3.20%,3.54%,-2.21%,-0.57%,-2.90%,31.46%,40.24%,Industrials,Building Products
MCD,McDonald's Corp,$208B (Large),$285.11 ,S&P 500,1.00%,8.19%,-1.29%,-4.04%,18.13%,67.12%,96.11%,Consumer Discretionary,"Hotels, Restaurants & Leisure"
MCHP,Microchip Technology Inc,$41B (Mid),$75.26 ,S&P 500,3.20%,7.13%,-0.13%,-49.20%,15.76%,97.66%,95.89%,Information Technology,Semiconductors & Semiconductor Equipment
MCK,Mckesson Corp,$53B (Large),$390.84 ,S&P 500,1.30%,4.19%,-6.48%,13.39%,25.98%,192.30%,161.32%,Health Care,Health Care Providers & Services
MCO,Moody's Corp,$58B (Large),$316.88 ,S&P 500,1.40%,13.73%,2.74%,17.51%,5.40%,33.33%,100.45%,Financials,Capital Markets
MDLZ,Mondelez International Inc,$100B (Large),$73.41 ,S&P 500,1.10%,10.14%,-0.87%,11.48%,16.16%,52.68%,107.51%,Consumer Staples,Food Products
MDT,Medtronic PLC,$110B (Large),$82.76 ,S&P 500,0.80%,6.48%,-3.09%,1.99%,-17.33%,-6.30%,14.93%,Health Care,Health Care Equipment & Supplies
MET,MetLife Inc,$38B (Mid),$49.55 ,S&P 500,1.40%,-31.53%,-34.84%,-22.51%,-18.81%,67.31%,32.14%,Financials,Insurance
META,Meta Platforms Inc,$678B (Large),$264.72 ,S&P 500,1.10%,119.98%,99.16%,62.41%,24.34%,29.79%,51.00%,Communication Services,Interactive Media & Services
MGM,MGM Resorts International,$14B (Mid),$39.29 ,S&P 500,2.00%,17.18%,7.93%,6.07%,-5.53%,164.31%,31.30%,Consumer Discretionary,"Hotels, Restaurants & Leisure"
MHK,Mohawk Industries Inc,$6B (Small),$92.04 ,S&P 500,1.80%,-9.96%,-15.10%,-25.20%,-34.78%,14.01%,-55.96%,Consumer Discretionary,Household Durables
MKC,McCormick & Company Inc,$22B (Mid),$85.73 ,S&P 500,3.30%,3.43%,-5.92%,5.95%,-11.12%,16.14%,76.65%,Consumer Staples,Food Products
MKTX,Marketaxess Holdings Inc,$10B (Mid),$272.41 ,S&P 500,3.10%,-2.32%,-8.69%,4.99%,8.04%,-36.51%,43.85%,Financials,Capital Markets
MLM,Martin Marietta Materials Inc,$25B (Mid),$398.04 ,S&P 500,1.00%,17.77%,7.57%,2.18%,12.89%,118.36%,112.63%,Materials,Construction Materials
MMC,Marsh & McLennan Companies Inc,$86B (Large),$173.18 ,S&P 500,0.80%,4.65%,-3.83%,11.46%,11.98%,87.64%,132.19%,Financials,Insurance
MMM,3M Co,$51B (Large),$93.31 ,S&P 500,2.20%,-22.19%,-26.87%,-25.39%,-30.08%,-26.49%,-40.38%,Industrials,Industrial Conglomerates
MNST,Monster Beverage Corp,$61B (Large),$58.62 ,S&P 500,1.00%,15.47%,3.86%,15.16%,36.28%,94.05%,109.24%,Consumer Staples,Beverages
MO,Altria Group Inc,$79B (Large),$44.42 ,S&P 500,0.90%,-2.82%,-11.48%,5.06%,-13.06%,47.66%,14.21%,Consumer Staples,Tobacco
MOH,Molina Healthcare Inc,$16B (Mid),$273.90 ,S&P 500,3.10%,-17.06%,-25.39%,-7.32%,-11.94%,55.76%,227.46%,Health Care,Health Care Providers & Services
MOS,Mosaic Co,$11B (Mid),$31.96 ,S&P 500,2.80%,-27.15%,-30.23%,-22.04%,-45.64%,210.15%,30.60%,Materials,Chemicals
MPC,Marathon Petroleum Corp,$45B (Large),$104.91 ,S&P 500,2.90%,-9.86%,-15.45%,3.32%,24.76%,317.46%,79.02%,Energy,"Oil, Gas & Consumable Fuels"
MPWR,Monolithic Power Systems Inc,$23B (Mid),$489.91 ,S&P 500,4.30%,38.55%,32.96%,-12.96%,26.36%,178.21%,350.85%,Information Technology,Semiconductors & Semiconductor Equipment
MRK,Merck & Co Inc,$280B (Large),$110.41 ,S&P 500,0.80%,-0.49%,-10.17%,5.53%,28.31%,62.47%,130.31%,Health Care,Pharmaceuticals
MRNA,Moderna Inc,$49B (Large),$127.71 ,S&P 500,4.80%,-28.90%,-34.49%,-16.87%,-9.28%,168.91%,--,Health Care,Biotechnology
MRO,Marathon Oil Corp,$14B (Mid),$22.16 ,S&P 500,2.60%,-18.14%,-22.97%,-4.92%,-6.87%,332.41%,34.23%,Energy,"Oil, Gas & Consumable Fuels"
MS,Morgan Stanley,$137B (Large),$81.76 ,S&P 500,1.20%,-3.83%,-10.42%,3.09%,5.49%,137.49%,86.29%,Financials,Capital Markets
MSCI,MSCI Inc,$38B (Mid),$470.53 ,S&P 500,0.90%,1.15%,-7.48%,6.32%,12.72%,51.53%,229.43%,Financials,Capital Markets
MSFT,Microsoft Corp,$2T (Large),$328.39 ,S&P 500,0.60%,36.93%,26.09%,3.42%,17.83%,95.54%,270.22%,Information Technology,Software
MSI,Motorola Solutions Inc,$47B (Large),$281.92 ,S&P 500,0.70%,9.39%,0.98%,2.30%,34.56%,114.49%,183.45%,Information Technology,Communications Equipment
MTB,M&T Bank Corp,$20B (Mid),$119.16 ,S&P 500,3.00%,-17.85%,-21.18%,1.46%,-23.38%,28.48%,-20.84%,Financials,Banks
MTCH,Match Group Inc,$10B (Mid),$34.50 ,S&P 500,5.20%,-16.85%,-23.23%,-71.65%,-56.76%,--,--,Communication Services,Interactive Media & Services
MTD,Mettler-Toledo International Inc,$29B (Mid),"$1,321.87 ",S&P 500,1.70%,-8.55%,-16.96%,-0.45%,1.68%,90.77%,131.78%,Health Care,Life Sciences Tools & Services
MU,Micron Technology Inc,$75B (Large),$68.20 ,S&P 500,2.40%,36.45%,30.95%,-15.15%,2.40%,61.05%,55.09%,Information Technology,Semiconductors & Semiconductor Equipment
NCLH,Norwegian Cruise Line Holdings Ltd,$6B (Small),$14.85 ,S&P 500,10.20%,21.32%,10.54%,8.93%,-25.38%,7.08%,-72.48%,Consumer Discretionary,"Hotels, Restaurants & Leisure"
NDAQ,Nasdaq Inc,$27B (Mid),$55.35 ,S&P 500,0.90%,-9.78%,-18.23%,-5.46%,6.68%,61.06%,100.54%,Financials,Capital Markets
NDSN,Nordson Corp,$12B (Mid),$217.93 ,S&P 500,2.10%,-8.32%,-15.24%,-4.02%,2.84%,44.13%,82.19%,Industrials,Machinery
NEE,Nextera Energy Inc,$149B (Large),$73.46 ,S&P 500,0.70%,-12.13%,-20.62%,-3.65%,7.03%,37.16%,100.32%,Utilities,Electric Utilities
NEM,Newmont Corporation,$32B (Mid),$40.55 ,S&P 500,2.20%,-14.09%,-21.86%,-8.49%,-41.70%,-26.72%,20.44%,Materials,Metals & Mining
NFLX,Netflix Inc,$176B (Large),$395.23 ,S&P 500,2.20%,34.03%,21.67%,18.75%,97.02%,-5.37%,25.43%,Communication Services,Entertainment
NI,NiSource Inc,$11B (Mid),$26.89 ,S&P 500,1.70%,-1.93%,-11.43%,5.67%,-4.07%,20.72%,27.77%,Utilities,Multi-Utilities
NKE,Nike Inc,$162B (Large),$105.26 ,S&P 500,0.90%,-10.04%,-16.89%,-2.25%,-14.56%,28.03%,64.31%,Consumer Discretionary,"Textiles, Apparel & Luxury Goods"
NOC,NORTHROP GRUMMAN CORP,$66B (Large),$435.49 ,S&P 500,0.90%,-20.18%,-26.68%,-14.53%,1.76%,40.86%,55.27%,Industrials,Aerospace & Defense
NOW,ServiceNow Inc,$111B (Large),$544.78 ,S&P 500,1.80%,40.31%,29.12%,6.74%,13.34%,61.74%,231.96%,Information Technology,Software
NRG,NRG Energy Inc,$8B (Mid),$33.79 ,S&P 500,8.40%,6.19%,-2.31%,16.40%,-3.83%,15.19%,26.62%,Utilities,Electric Utilities
NSC,Norfolk Southern Corp,$47B (Large),$208.18 ,S&P 500,1.20%,-15.52%,-21.76%,-12.14%,-15.42%,31.62%,63.91%,Industrials,Ground Transportation
NTAP,NetApp Inc,$14B (Mid),$66.35 ,S&P 500,3.50%,10.47%,5.04%,--,-3.64%,82.38%,18.28%,Information Technology,"Technology Hardware, Storage & Peripherals"
NTRS,Northern Trust Corp,$15B (Mid),$71.92 ,S&P 500,1.90%,-18.73%,-24.50%,-12.33%,-27.74%,5.73%,-20.61%,Financials,Capital Markets
NUE,Nucor Corp,$33B (Mid),$132.06 ,S&P 500,2.30%,0.19%,-7.87%,6.83%,-9.84%,245.89%,149.73%,Materials,Metals & Mining
NVDA,NVIDIA Corp,$934B (Large),$378.34 ,S&P 500,1.20%,158.89%,150.58%,115.88%,105.54%,469.10%,613.24%,Information Technology,Semiconductors & Semiconductor Equipment
NVR,NVR Inc,$18B (Mid),"$5,554.22 ",S&P 500,2.10%,20.41%,11.26%,3.67%,26.81%,85.10%,79.45%,Consumer Discretionary,Household Durables
NWL,Newell Brands Inc,$3B (Small),$8.31 ,S&P 500,6.90%,-36.47%,-38.51%,-50.84%,-58.10%,-16.43%,-58.07%,Consumer Discretionary,Household Durables
NWS,News Corp,-- ,$18.48 ,S&P 500,1.20%,0.22%,--,-3.47%,-5.72%,101.38%,24.46%,Communication Services,Media
NWSA,News Corp,$7B (Small),$18.31 ,S&P 500,2.90%,0.60%,-5.79%,-2.89%,-5.99%,104.62%,25.10%,Communication Services,Media
NXPI,NXP Semiconductors NV,$47B (Large),$179.10 ,S&P 500,2.40%,13.33%,5.19%,-43.38%,5.06%,99.61%,87.33%,Information Technology,Semiconductors & Semiconductor Equipment
O,Realty Income Corp,$40B (Mid),$59.44 ,S&P 500,3.70%,-6.29%,-15.19%,--,-8.43%,34.26%,47.57%,Real Estate,Retail REITs
ODFL,Old Dominion Freight Line Inc,$34B (Mid),$310.44 ,S&P 500,4.50%,9.39%,2.17%,14.07%,13.91%,118.31%,268.47%,Industrials,Ground Transportation
OGN,Organon & Co,$5B (Small),$19.39 ,S&P 500,2.70%,-30.58%,-37.01%,-23.87%,-36.68%,--,--,Health Care,Pharmaceuticals
OKE,ONEOK Inc,$25B (Mid),$56.66 ,S&P 500,1.80%,-13.76%,-20.28%,-1.97%,-4.63%,157.53%,34.44%,Energy,"Oil, Gas & Consumable Fuels"
OMC,Omnicom Group Inc,$18B (Mid),$88.19 ,S&P 500,5.40%,8.12%,1.15%,4.71%,22.13%,81.76%,46.53%,Communication Services,Media
ON,ON Semiconductor Corp,$36B (Mid),$83.60 ,S&P 500,5.80%,34.04%,22.91%,-23.96%,50.97%,455.36%,278.93%,Information Technology,Semiconductors & Semiconductor Equipment
ORCL,Oracle Corp,$286B (Large),$105.94 ,S&P 500,0.50%,29.61%,17.44%,-6.04%,44.60%,113.16%,148.56%,Information Technology,Software
ORLY,O'Reilly Automotive Inc,$55B (Large),$903.31 ,S&P 500,1.50%,7.02%,0.39%,13.34%,51.98%,146.59%,258.66%,Consumer Discretionary,Specialty Retail
OTIS,Otis Worldwide Corp,$33B (Mid),$79.51 ,S&P 500,1.00%,1.53%,-5.30%,6.86%,13.47%,70.67%,--,Industrials,Machinery
OXY,Occidental Petroleum Corp,$52B (Large),$57.66 ,S&P 500,5.30%,-8.46%,-15.08%,3.72%,1.39%,290.14%,-11.89%,Energy,"Oil, Gas & Consumable Fuels"
PARA,Paramount Global,$9B (Mid),$15.21 ,S&P 500,14.50%,-9.89%,-14.22%,-12.12%,-45.23%,6.42%,-63.16%,Communication Services,Media
PAYC,Paycom Software Inc,$16B (Mid),$280.13 ,S&P 500,2.60%,-9.73%,-17.67%,-7.65%,-4.28%,15.95%,148.86%,Industrials,Professional Services
PAYX,Paychex Inc,$38B (Mid),$104.93 ,S&P 500,2.70%,-9.20%,-15.20%,-4.94%,-12.95%,76.61%,104.59%,Industrials,Professional Services
PCAR,Paccar Inc,$36B (Mid),$68.78 ,S&P 500,1.60%,4.24%,-1.54%,10.99%,33.00%,72.96%,105.15%,Industrials,Machinery
PCG,PG&E Corp,$42B (Large),$16.94 ,S&P 500,2.10%,4.18%,-6.51%,11.79%,31.62%,64.20%,-64.02%,Utilities,Electric Utilities
PEAK,Healthpeak Properties Inc,$11B (Mid),$19.96 ,S&P 500,1.90%,-20.38%,-27.46%,--,-34.44%,-8.46%,7.37%,Real Estate,Health Care REITs
PEG,Public Service Enterprise Group Inc,$30B (Mid),$59.75 ,S&P 500,1.10%,-2.48%,-11.39%,5.73%,-10.58%,33.47%,35.85%,Utilities,Multi-Utilities
PEP,PepsiCo Inc,$251B (Large),$182.35 ,S&P 500,0.90%,0.94%,-8.22%,1.93%,11.17%,51.77%,111.83%,Consumer Staples,Beverages
PFE,Pfizer Inc,$215B (Large),$38.02 ,S&P 500,0.80%,-25.80%,-34.06%,-20.64%,-19.97%,17.04%,33.81%,Health Care,Pharmaceuticals
PFG,Principal Financial Group Inc,$16B (Mid),$65.46 ,S&P 500,2.60%,-22.00%,-25.55%,-12.34%,2.88%,119.52%,43.56%,Financials,Insurance
PG,Procter & Gamble Co,$336B (Large),$142.50 ,S&P 500,0.60%,-5.98%,-13.75%,-1.89%,-7.21%,31.94%,127.01%,Consumer Staples,Household Products
PGR,Progressive Corp,$75B (Large),$127.91 ,S&P 500,0.60%,-1.39%,-9.86%,4.86%,16.44%,80.81%,145.36%,Financials,Insurance
PH,Parker-Hannifin Corp,$41B (Mid),$320.44 ,S&P 500,1.30%,10.12%,3.61%,16.62%,23.70%,127.43%,115.13%,Industrials,Machinery
PHM,Pultegroup Inc,$15B (Mid),$66.08 ,S&P 500,4.10%,45.14%,33.73%,28.28%,59.29%,154.09%,130.40%,Consumer Discretionary,Household Durables
PKG,Packaging Corp of America,$11B (Mid),$124.03 ,S&P 500,3.00%,-3.03%,-9.79%,--,-17.92%,46.95%,27.34%,Materials,Containers & Packaging
PLD,Prologis Inc,$115B (Large),$124.55 ,S&P 500,1.30%,10.49%,0.67%,--,-16.56%,53.53%,116.85%,Real Estate,Industrial REITs
PM,Philip Morris International Inc,$140B (Large),$90.01 ,S&P 500,0.50%,-11.07%,-18.63%,-2.77%,-3.53%,44.92%,47.29%,Consumer Staples,Tobacco
PNC,PNC Financial Services Group Inc,$46B (Large),$115.83 ,S&P 500,2.10%,-26.66%,-31.30%,-9.62%,-26.12%,27.87%,-3.32%,Financials,Banks
PNR,Pentair PLC,$9B (Mid),$55.47 ,S&P 500,2.60%,23.32%,16.06%,30.26%,12.91%,79.01%,38.58%,Industrials,Machinery
PNW,Pinnacle West Capital Corp,$9B (Mid),$77.28 ,S&P 500,3.10%,1.63%,-8.02%,10.15%,12.72%,18.14%,17.18%,Utilities,Electric Utilities
PODD,Insulet Corp,$19B (Mid),$274.25 ,S&P 500,4.60%,-6.84%,-15.47%,-11.57%,10.28%,39.86%,213.02%,Health Care,Health Care Equipment & Supplies
POOL,Pool Corp,$12B (Mid),$316.23 ,S&P 500,10.40%,4.60%,-2.53%,9.94%,-20.52%,53.88%,146.22%,Consumer Discretionary,Distributors
PPG,PPG Industries Inc,$31B (Mid),$131.29 ,S&P 500,0.80%,4.41%,-2.45%,8.79%,5.06%,61.55%,37.59%,Materials,Chemicals
PPL,PPL Corp,$19B (Mid),$26.20 ,S&P 500,1.70%,-10.34%,-18.48%,-1.32%,-4.06%,20.78%,16.05%,Utilities,Electric Utilities
PRU,Prudential Financial Inc,$29B (Mid),$78.69 ,S&P 500,1.80%,-20.88%,-25.48%,-12.26%,-20.27%,61.63%,-1.42%,Financials,Insurance
PSA,Public Storage,$50B (Large),$283.30 ,S&P 500,2.40%,1.11%,-5.87%,--,-13.98%,78.55%,73.19%,Real Estate,Specialized REITs
PSX,Phillips 66,$42B (Large),$91.61 ,S&P 500,2.10%,-11.98%,-17.90%,0.63%,10.43%,63.88%,3.99%,Energy,"Oil, Gas & Consumable Fuels"
PTC,PTC Inc,$16B (Mid),$134.40 ,S&P 500,1.10%,11.96%,0.92%,-24.15%,15.51%,99.89%,60.20%,Information Technology,Software
PWR,Quanta Services Inc,$26B (Mid),$177.58 ,S&P 500,2.90%,24.62%,16.07%,18.02%,56.21%,422.37%,460.85%,Industrials,Construction & Engineering
PXD,Pioneer Natural Resources Co,$47B (Large),$199.44 ,S&P 500,1.70%,-12.68%,-17.53%,1.03%,-2.12%,199.97%,27.29%,Energy,"Oil, Gas & Consumable Fuels"
PYPL,PayPal Holdings Inc,$69B (Large),$61.99 ,S&P 500,1.70%,-12.96%,-20.46%,-12.80%,-32.21%,-48.55%,-17.06%,Financials,Financial Services
QCOM,Qualcomm Inc,$126B (Large),$113.41 ,S&P 500,0.90%,3.16%,-3.67%,-53.08%,-18.27%,63.34%,161.91%,Information Technology,Semiconductors & Semiconductor Equipment
QRVO,Qorvo Inc,$10B (Mid),$97.26 ,S&P 500,2.30%,7.30%,0.00%,-49.06%,-16.96%,6.58%,38.27%,Information Technology,Semiconductors & Semiconductor Equipment
RCL,Royal Caribbean Cruises Ltd,$21B (Mid),$80.97 ,S&P 500,7.30%,63.81%,48.24%,50.22%,2.40%,96.86%,-22.81%,Consumer Discretionary,"Hotels, Restaurants & Leisure"
RE,Everest Re Group Ltd,$15B (Mid),$340.02 ,S&P 500,0.90%,2.64%,-3.15%,12.20%,30.07%,130.06%,71.06%,Financials,Insurance
REG,Regency Centers Corp,$10B (Mid),$56.27 ,S&P 500,1.80%,-9.97%,-18.52%,--,-13.28%,55.44%,15.37%,Real Estate,Retail REITs
REGN,Regeneron Pharmaceuticals Inc,$81B (Large),$735.56 ,S&P 500,1.10%,1.95%,-7.80%,12.36%,11.75%,38.65%,141.88%,Health Care,Biotechnology
RF,Regions Financial Corp,$16B (Mid),$17.27 ,S&P 500,3.00%,-19.90%,-24.24%,-1.89%,-11.96%,96.19%,14.18%,Financials,Banks
RHI,Robert Half International Inc,$7B (Small),$65.02 ,S&P 500,7.30%,-11.93%,-17.43%,-7.39%,-29.84%,60.87%,22.24%,Industrials,Professional Services
RJF,Raymond James Financial Inc,$19B (Mid),$90.35 ,S&P 500,2.10%,-15.44%,-19.63%,-6.99%,-2.93%,133.78%,69.79%,Financials,Capital Markets
RL,Ralph Lauren Corp,$7B (Small),$106.31 ,S&P 500,8.90%,0.61%,-5.55%,10.17%,5.63%,57.91%,13.42%,Consumer Discretionary,"Textiles, Apparel & Luxury Goods"
RMD,Resmed Inc,$31B (Mid),$210.79 ,S&P 500,0.70%,1.28%,-7.89%,-3.27%,6.16%,35.34%,132.20%,Health Care,Health Care Equipment & Supplies
ROK,Rockwell Automation Inc,$32B (Mid),$278.60 ,S&P 500,2.60%,8.16%,1.65%,6.98%,17.36%,65.65%,89.64%,Industrials,Electrical Equipment
ROL,Rollins Inc,$19B (Mid),$39.32 ,S&P 500,1.80%,7.61%,-1.51%,-1.25%,20.59%,53.39%,93.42%,Industrials,Commercial Services & Supplies
ROP,Roper Technologies Inc,$48B (Large),$454.22 ,S&P 500,0.70%,5.12%,-4.55%,-30.14%,-1.02%,35.34%,75.51%,Information Technology,Software
ROST,Ross Stores Inc,$35B (Mid),$103.62 ,S&P 500,1.70%,-10.73%,-18.78%,-7.66%,3.26%,19.18%,36.36%,Consumer Discretionary,Specialty Retail
RSG,Republic Services Inc,$45B (Large),$141.63 ,S&P 500,0.70%,9.80%,0.50%,0.96%,10.00%,93.01%,139.19%,Industrials,Commercial Services & Supplies
RTX,Raytheon Technologies Corp,$135B (Large),$92.14 ,S&P 500,0.60%,-8.70%,-16.03%,-2.87%,1.44%,64.91%,50.05%,Industrials,Aerospace & Defense
RVTY,Revvity Inc,$14B (Mid),$115.32 ,S&P 500,2.80%,-17.76%,-24.33%,-8.52%,-21.25%,31.23%,62.42%,Health Care,Life Sciences Tools & Services
SBAC,SBA Communications Corp,$24B (Mid),$221.78 ,S&P 500,1.20%,-20.88%,-27.75%,--,-33.42%,-20.40%,45.58%,Real Estate,Specialized REITs
SBUX,Starbucks Corp,$112B (Large),$97.64 ,S&P 500,1.20%,-1.57%,-10.04%,-13.61%,33.43%,41.45%,87.03%,Consumer Discretionary,"Hotels, Restaurants & Leisure"
SCHW,Charles Schwab Corp,$96B (Large),$52.69 ,S&P 500,1.50%,-36.72%,-40.96%,-30.36%,-19.31%,54.41%,3.96%,Financials,Capital Markets
SEDG,Solaredge Technologies Inc,$16B (Mid),$284.83 ,S&P 500,5.10%,0.55%,-4.67%,-54.17%,15.86%,181.81%,462.87%,Information Technology,Semiconductors & Semiconductor Equipment
SEE,Sealed Air Corp,$5B (Small),$37.85 ,S&P 500,1.50%,-24.12%,-27.21%,--,-37.27%,47.26%,-3.09%,Materials,Containers & Packaging
SHW,Sherwin-Williams Co,$59B (Large),$227.78 ,S&P 500,1.00%,-4.02%,-12.12%,-1.81%,-13.93%,34.01%,92.19%,Materials,Chemicals
SJM,J M Smucker Co,$16B (Mid),$146.59 ,S&P 500,3.40%,-7.49%,-16.28%,-5.40%,11.49%,38.28%,47.63%,Consumer Staples,Food Products
SLB,Schlumberger NV,$61B (Large),$42.83 ,S&P 500,1.50%,-19.88%,-24.33%,0.72%,15.17%,197.61%,-24.58%,Energy,Energy Equipment & Services
SNA,Snap-On Inc,$13B (Mid),$248.86 ,S&P 500,4.40%,8.92%,2.55%,15.46%,23.78%,125.28%,101.98%,Industrials,Machinery
SNPS,Synopsys Inc,$69B (Large),$454.96 ,S&P 500,0.90%,42.49%,32.91%,10.90%,59.89%,210.63%,440.06%,Information Technology,Software
SO,Southern Co,$76B (Large),$69.75 ,S&P 500,1.60%,-2.32%,-10.72%,7.18%,0.11%,46.65%,91.14%,Utilities,Electric Utilities
SPG,Simon Property Group Inc,$34B (Mid),$105.15 ,S&P 500,1.90%,-10.50%,-19.56%,--,-5.71%,94.68%,-14.84%,Real Estate,Retail REITs
SPGI,S&P Global Inc,$118B (Large),$367.43 ,S&P 500,1.50%,9.70%,-0.69%,13.75%,0.41%,30.97%,101.13%,Financials,Capital Markets
SRE,Sempra,$45B (Large),$143.53 ,S&P 500,0.90%,-7.12%,-15.07%,1.69%,-7.20%,32.10%,51.01%,Utilities,Multi-Utilities
STE,STERIS plc,$20B (Mid),$199.97 ,S&P 500,2.10%,8.27%,-1.36%,3.88%,-10.07%,44.95%,120.11%,Health Care,Health Care Equipment & Supplies
STLD,Steel Dynamics Inc,$16B (Mid),$91.90 ,S&P 500,4.00%,-5.94%,-13.07%,1.14%,13.15%,306.42%,138.05%,Materials,Metals & Mining
STT,State Street Corp,$23B (Mid),$68.02 ,S&P 500,1.40%,-12.31%,-18.40%,-5.65%,4.77%,28.59%,-18.16%,Financials,Capital Markets
STX,Seagate Technology Holdings PLC,$12B (Mid),$60.10 ,S&P 500,4.60%,14.24%,5.86%,--,-22.51%,44.40%,41.48%,Information Technology,"Technology Hardware, Storage & Peripherals"
STZ,Constellation Brands Inc,$45B (Large),$242.97 ,S&P 500,1.50%,4.84%,-6.61%,3.70%,-1.15%,53.81%,11.48%,Consumer Staples,Beverages
SWK,Stanley Black & Decker Inc,$11B (Mid),$74.97 ,S&P 500,5.40%,-0.20%,-5.84%,6.28%,-34.64%,-22.04%,-38.63%,Industrials,Machinery
SWKS,Skyworks Solutions Inc,$16B (Mid),$103.51 ,S&P 500,2.60%,13.58%,5.16%,-43.40%,-8.75%,12.45%,26.87%,Information Technology,Semiconductors & Semiconductor Equipment
SYF,Synchrony Financial,$13B (Mid),$30.96 ,S&P 500,3.50%,-5.78%,-13.23%,-11.38%,-14.02%,82.18%,8.50%,Financials,Consumer Finance
SYK,Stryker Corp,$105B (Large),$275.58 ,S&P 500,0.80%,12.72%,1.38%,6.88%,16.03%,55.50%,70.08%,Health Care,Health Care Equipment & Supplies
SYY,Sysco Corp,$35B (Mid),$69.95 ,S&P 500,1.90%,-8.50%,-16.98%,-10.49%,-16.28%,42.11%,24.80%,Consumer Staples,Consumer Staples Distribution & Retail
T,AT&T Inc,$112B (Large),$15.73 ,S&P 500,1.20%,-14.56%,-22.44%,-1.61%,-13.22%,-15.33%,-12.11%,Communication Services,Diversified Telecommunication Services
TAP,Molson Coors Beverage Co,$12B (Mid),$61.85 ,S&P 500,3.60%,20.05%,7.03%,18.64%,14.47%,63.39%,-5.12%,Consumer Staples,Beverages
TDG,TransDigm Group Inc,$42B (Large),$773.65 ,S&P 500,2.20%,22.87%,13.16%,29.11%,33.14%,129.69%,185.93%,Industrials,Aerospace & Defense
TDY,Teledyne Technologies Inc,$18B (Mid),$388.65 ,S&P 500,1.10%,-2.82%,-9.48%,-8.53%,-7.45%,23.98%,119.50%,Information Technology,"Electronic Equipment, Instruments & Components"
TECH,Bio-Techne Corp,$13B (Mid),$81.79 ,S&P 500,1.90%,-1.32%,-8.37%,8.96%,-12.61%,48.00%,126.44%,Health Care,Life Sciences Tools & Services
TEL,TE Connectivity Ltd,$39B (Mid),$122.48 ,S&P 500,1.10%,6.69%,-2.09%,-0.44%,0.09%,84.31%,47.63%,Information Technology,"Electronic Equipment, Instruments & Components"
TER,Teradyne Inc,$16B (Mid),$100.19 ,S&P 500,2.30%,14.70%,7.36%,-41.00%,-4.85%,79.93%,215.60%,Information Technology,Semiconductors & Semiconductor Equipment
TFC,Truist Financial Corp,$41B (Mid),$30.47 ,S&P 500,2.20%,-29.19%,-34.04%,-12.62%,-32.43%,0.45%,-28.39%,Financials,Banks
TFX,Teleflex Inc,$11B (Mid),$234.75 ,S&P 500,3.60%,-5.96%,-15.13%,-11.20%,-17.29%,-28.52%,-12.10%,Health Care,Health Care Equipment & Supplies
TGT,Target Corp,$60B (Large),$130.93 ,S&P 500,2.10%,-12.15%,-18.01%,-11.62%,-40.00%,31.56%,113.09%,Consumer Staples,Consumer Staples Distribution & Retail
TJX,TJX Companies Inc,$88B (Large),$76.79 ,S&P 500,0.60%,-3.53%,-11.96%,-0.19%,25.96%,65.67%,97.58%,Consumer Discretionary,Specialty Retail
TMO,Thermo Fisher Scientific Inc,$196B (Large),$508.46 ,S&P 500,0.80%,-7.67%,-14.75%,1.97%,-5.52%,56.93%,147.00%,Health Care,Life Sciences Tools & Services
TMUS,T-Mobile US Inc,$165B (Large),$137.25 ,S&P 500,2.40%,-1.96%,-11.89%,0.10%,6.90%,57.04%,127.78%,Communication Services,Wireless Telecommunication Services
TPR,Tapestry Inc,$9B (Mid),$40.02 ,S&P 500,4.30%,5.09%,-2.71%,13.28%,24.61%,181.39%,-1.93%,Consumer Discretionary,"Textiles, Apparel & Luxury Goods"
TRGP,Targa Resources Corp,$15B (Mid),$68.05 ,S&P 500,1.50%,-7.41%,-14.93%,3.89%,-5.73%,512.61%,81.45%,Energy,"Oil, Gas & Consumable Fuels"
TRMB,Trimble Inc,$12B (Mid),$46.67 ,S&P 500,0.90%,-7.69%,-14.30%,-13.82%,-29.40%,44.43%,37.17%,Information Technology,"Electronic Equipment, Instruments & Components"
TROW,T Rowe Price Group Inc,$24B (Mid),$107.16 ,S&P 500,8.30%,-1.74%,-8.98%,4.67%,-9.37%,9.98%,15.52%,Financials,Capital Markets
TRV,Travelers Companies Inc,$39B (Mid),$169.24 ,S&P 500,1.30%,-9.73%,-15.62%,-1.45%,4.06%,93.36%,48.55%,Financials,Insurance
TSCO,Tractor Supply Co,$23B (Mid),$209.59 ,S&P 500,5.30%,-6.84%,-12.61%,-0.90%,6.83%,121.15%,242.80%,Consumer Discretionary,Specialty Retail
TSLA,Tesla Inc,$646B (Large),$203.93 ,S&P 500,3.00%,65.55%,49.09%,14.68%,-33.16%,330.25%,906.07%,Consumer Discretionary,Automobiles
TSN,Tyson Foods Inc,$18B (Mid),$50.64 ,S&P 500,1.70%,-18.65%,-23.18%,-12.96%,-42.11%,-5.92%,-15.41%,Consumer Staples,Food Products
TT,Trane Technologies PLC,$37B (Mid),$163.23 ,S&P 500,1.40%,-2.89%,-9.52%,-8.58%,20.58%,101.36%,172.43%,Industrials,Building Products
TTWO,Take-Two Interactive Software Inc,$23B (Mid),$137.73 ,S&P 500,3.80%,32.27%,21.24%,18.28%,13.40%,12.74%,32.58%,Communication Services,Entertainment
TXN,Texas Instruments Inc,$158B (Large),$173.88 ,S&P 500,1.80%,5.24%,-2.44%,-51.73%,5.19%,74.31%,96.93%,Information Technology,Semiconductors & Semiconductor Equipment
TXT,Textron Inc,$12B (Mid),$61.87 ,S&P 500,2.90%,-12.61%,-18.66%,-5.74%,-9.87%,141.58%,2.34%,Industrials,Aerospace & Defense
TYL,Tyler Technologies Inc,$17B (Mid),$396.96 ,S&P 500,2.20%,23.12%,12.49%,-11.47%,0.67%,26.20%,80.55%,Information Technology,Software
UAL,United Airlines Holdings Inc,$16B (Mid),$47.47 ,S&P 500,5.80%,25.90%,16.26%,18.97%,-4.34%,80.35%,-29.79%,Industrials,Passenger Airlines
UDR,UDR Inc,$13B (Mid),$39.67 ,S&P 500,1.70%,2.43%,-7.60%,--,-21.29%,20.36%,27.66%,Real Estate,Residential REITs
UHS,Universal Health Services Inc,$9B (Mid),$132.13 ,S&P 500,2.40%,-6.22%,-14.88%,4.19%,8.16%,34.30%,16.74%,Health Care,Health Care Providers & Services
ULTA,Ulta Beauty Inc,$20B (Mid),$409.83 ,S&P 500,4.30%,-12.63%,-19.77%,-8.74%,1.64%,92.37%,64.47%,Consumer Discretionary,Specialty Retail
UNH,UnitedHealth Group Inc,$454B (Large),$487.24 ,S&P 500,0.60%,-8.10%,-17.37%,1.46%,-2.97%,75.94%,118.03%,Health Care,Health Care Providers & Services
UNP,Union Pacific Corp,$117B (Large),$192.52 ,S&P 500,0.70%,-7.03%,-14.38%,-4.05%,-13.97%,33.01%,63.96%,Industrials,Ground Transportation
UPS,United Parcel Service Inc,$143B (Large),$167.00 ,S&P 500,1.60%,-3.93%,-10.85%,-8.78%,-0.70%,103.14%,77.70%,Industrials,Air Freight & Logistics
URI,United Rentals Inc,$23B (Mid),$333.79 ,S&P 500,4.20%,-6.09%,-10.99%,-14.26%,13.72%,192.73%,134.91%,Industrials,Trading Companies & Distributors
USB,US Bancorp,$46B (Large),$29.90 ,S&P 500,2.80%,-31.44%,-35.81%,-14.56%,-34.28%,-1.32%,-27.64%,Financials,Banks
V,Visa Inc,$453B (Large),$221.03 ,S&P 500,1.60%,6.39%,-2.60%,6.76%,5.81%,29.08%,80.01%,Financials,Financial Services
VFC,VF Corp,$7B (Small),$17.22 ,S&P 500,4.60%,-37.63%,-41.87%,-29.62%,-64.50%,-64.69%,-72.94%,Consumer Discretionary,"Textiles, Apparel & Luxury Goods"
VICI,VICI Properties Inc,$31B (Mid),$30.93 ,S&P 500,2.30%,-4.54%,-14.00%,--,10.26%,114.16%,117.87%,Real Estate,Specialized REITs
VLO,Valero Energy Corp,$39B (Mid),$107.04 ,S&P 500,2.80%,-15.62%,-19.64%,-1.28%,-0.30%,122.43%,27.51%,Energy,"Oil, Gas & Consumable Fuels"
VMC,Vulcan Materials Co,$26B (Mid),$195.50 ,S&P 500,1.00%,11.64%,2.21%,-3.69%,15.30%,82.57%,84.36%,Materials,Construction Materials
VRSK,Verisk Analytics Inc,$32B (Mid),$219.11 ,S&P 500,6.20%,24.20%,13.15%,26.11%,8.91%,45.28%,110.79%,Industrials,Professional Services
VRSN,Verisign Inc,$23B (Mid),$223.32 ,S&P 500,0.80%,8.70%,-0.08%,-1.56%,28.49%,9.67%,90.65%,Information Technology,IT Services
VRTX,Vertex Pharmaceuticals Inc,$83B (Large),$323.57 ,S&P 500,1.30%,12.05%,2.84%,24.02%,24.18%,27.62%,113.34%,Health Care,Biotechnology
VTR,Ventas Inc,$17B (Mid),$43.14 ,S&P 500,1.90%,-4.24%,-12.55%,--,-19.32%,59.22%,3.70%,Real Estate,Health Care REITs
VTRS,Viatris Inc,$11B (Mid),$9.15 ,S&P 500,1.80%,-17.79%,-24.70%,-10.38%,-4.84%,-37.83%,-74.15%,Health Care,Pharmaceuticals
VZ,Verizon Communications Inc,$150B (Large),$35.63 ,S&P 500,1.10%,-9.57%,-19.13%,2.02%,-19.74%,-28.56%,-9.45%,Communication Services,Diversified Telecommunication Services
WAB,Westinghouse Air Brake Technologies Corp,$17B (Mid),$92.63 ,S&P 500,1.10%,-7.19%,-13.61%,-2.23%,3.60%,77.31%,10.02%,Industrials,Machinery
WAT,Waters Corp,$15B (Mid),$251.22 ,S&P 500,3.50%,-26.67%,-31.89%,-16.80%,-15.48%,43.51%,35.42%,Health Care,Life Sciences Tools & Services
WBA,Walgreens Boots Alliance Inc,$26B (Mid),$30.37 ,S&P 500,3.50%,-18.71%,-26.86%,-21.31%,-25.00%,-16.92%,-43.96%,Consumer Staples,Consumer Staples Distribution & Retail
WBD,Warner Bros Discovery Inc,$27B (Mid),$11.28 ,S&P 500,3.30%,18.99%,8.82%,4.68%,-41.30%,-47.85%,-52.94%,Communication Services,Entertainment
WDC,Western Digital Corp,$12B (Mid),$38.73 ,S&P 500,2.50%,22.76%,15.60%,--,-25.91%,-1.31%,-45.71%,Information Technology,"Technology Hardware, Storage & Peripherals"
WEC,WEC Energy Group Inc,$28B (Mid),$87.35 ,S&P 500,1.30%,-6.84%,-15.79%,0.90%,-9.85%,7.71%,56.44%,Utilities,Multi-Utilities
WELL,Welltower Inc,$37B (Mid),$74.61 ,S&P 500,3.10%,13.82%,1.85%,--,-15.58%,73.40%,64.53%,Real Estate,Health Care REITs
WFC,Wells Fargo & Co,$149B (Large),$39.81 ,S&P 500,0.90%,-3.58%,-9.39%,14.38%,-3.02%,60.85%,-9.18%,Financials,Banks
WHR,Whirlpool Corp,$7B (Small),$129.29 ,S&P 500,7.90%,-8.60%,-14.32%,-24.34%,-24.00%,33.07%,2.60%,Consumer Discretionary,Household Durables
WM,Waste Management Inc,$66B (Large),$161.92 ,S&P 500,1.10%,3.21%,-5.63%,-5.76%,3.65%,73.78%,118.34%,Industrials,Commercial Services & Supplies
WMB,Williams Companies Inc,$35B (Mid),$28.66 ,S&P 500,1.80%,-12.89%,-20.75%,-2.49%,-12.55%,85.38%,49.91%,Energy,"Oil, Gas & Consumable Fuels"
WMT,Walmart Inc,$396B (Large),$146.87 ,S&P 500,0.50%,3.58%,-5.95%,1.59%,-1.99%,25.09%,83.45%,Consumer Staples,Consumer Staples Distribution & Retail
WRB,W R Berkley Corp,$15B (Mid),$55.68 ,S&P 500,1.50%,-23.27%,-28.01%,-15.57%,-12.37%,74.95%,89.67%,Financials,Insurance
WRK,Westrock Co,$7B (Small),$28.01 ,S&P 500,1.70%,-20.34%,-25.71%,--,-40.61%,0.53%,-43.60%,Materials,Containers & Packaging
WST,West Pharmaceutical Services Inc,$25B (Mid),$334.63 ,S&P 500,1.20%,42.18%,30.48%,51.51%,8.01%,76.71%,289.67%,Health Care,Life Sciences Tools & Services
WTW,Willis Towers Watson PLC,$23B (Mid),$218.85 ,S&P 500,0.70%,-10.52%,-17.40%,-3.40%,6.24%,25.80%,59.99%,Financials,Insurance
WY,Weyerhaeuser Co,$21B (Mid),$28.66 ,S&P 500,1.20%,-7.55%,-13.56%,--,-25.12%,80.54%,-1.93%,Real Estate,Specialized REITs
WYNN,Wynn Resorts Ltd,$11B (Mid),$98.70 ,S&P 500,6.30%,19.68%,10.16%,8.51%,39.08%,23.39%,-44.97%,Consumer Discretionary,"Hotels, Restaurants & Leisure"
XEL,Xcel Energy Inc,$36B (Mid),$65.29 ,S&P 500,1.10%,-6.87%,-16.46%,0.90%,-9.17%,12.06%,58.26%,Utilities,Electric Utilities
XOM,Exxon Mobil Corp,$413B (Large),$102.18 ,S&P 500,0.80%,-7.36%,-13.88%,5.03%,25.84%,188.00%,76.92%,Energy,"Oil, Gas & Consumable Fuels"
XRAY,DENTSPLY SIRONA Inc,$8B (Mid),$36.12 ,S&P 500,3.90%,13.44%,4.54%,10.35%,-6.61%,-6.58%,-24.44%,Health Care,Health Care Equipment & Supplies
XYL,Xylem Inc,$24B (Mid),$100.20 ,S&P 500,8.50%,-9.38%,-18.60%,-7.70%,22.43%,47.93%,49.29%,Industrials,Machinery
YUM,Yum! Brands Inc,$36B (Mid),$128.69 ,S&P 500,1.10%,0.48%,-8.91%,-12.38%,13.03%,61.82%,61.92%,Consumer Discretionary,"Hotels, Restaurants & Leisure"
ZBH,Zimmer Biomet Holdings Inc,$27B (Mid),$127.34 ,S&P 500,1.30%,-0.13%,-9.47%,-5.00%,5.66%,14.62%,15.79%,Health Care,Health Care Equipment & Supplies
ZBRA,Zebra Technologies Corp,$14B (Mid),$262.57 ,S&P 500,2.00%,2.40%,-4.65%,-3.25%,-29.45%,18.72%,95.77%,Information Technology,"Electronic Equipment, Instruments & Components"
ZION,Zions Bancorporation NA,$4B (Small),$27.29 ,S&P 500,10.90%,-44.49%,-46.31%,-26.06%,-46.84%,4.16%,-38.49%,Financials,Banks
ZTS,Zoetis Inc,$75B (Large),$163.01 ,S&P 500,0.80%,11.23%,0.26%,16.96%,-7.08%,28.74%,99.29%,Health Care,Pharmaceuticals
