Symbol,Description,Market Capitalization,MarketCap#,Size,Price,Index,Short Interest,Price Change YTD,vsS&PYTD,vsIndustryYTD,1yrReturn,3yrReturn,5yrReturn,Sector,Industry
A,Agilent Technologies Inc,$34B (Mid),34000000000,Mid,115.67,S&P 500,0.0180,-0.2271,-0.2818,-0.1274,-0.0089,0.6171,0.8446,Health Care,Life Sciences Tools & Services
AAL,American Airlines Group Inc,$10B (Mid),10000000000,Mid,14.78,S&P 500,0.0950,0.1619,0.0493,0.0656,-0.2123,0.3741,-0.6547,Industrials,Passenger Airlines
AAP,Advance Auto Parts Inc,$4B (Small),4000000000,Small,72.89,S&P 500,0.0360,-0.5043,-0.3033,-0.2031,-0.4172,0.0302,0.0450,Consumer Discretionary,Specialty Retail
AAPL,Apple Inc,$3T (Large),3E+12,Large,177.25,S&P 500,0.0070,0.3642,0.2458,--,0.1308,1.5056,3.4054,Information Technology,"Technology Hardware, Storage & Peripherals"
ABBV,Abbvie Inc,$243B (Large),2.43E+11,Large,137.96,S&P 500,0.0070,-0.1463,-0.2292,-0.0420,-0.0415,0.8745,0.6880,Health Care,Biotechnology
ABC,Amerisourcebergen Corp,$34B (Mid),34000000000,Mid,170.15,S&P 500,0.0260,0.0268,-0.0854,0.1114,0.1314,1.0141,1.0234,Health Care,Health Care Providers & Services
ABT,Abbott Laboratories,$177B (Large),1.77E+11,Large,102.00,S&P 500,0.0070,-0.0710,-0.1542,-0.1152,-0.0816,0.1885,0.8772,Health Care,Health Care Equipment & Supplies
ACGL,Arch Capital Group Ltd,$26B (Mid),26000000000,Mid,69.70,S&P 500,0.0140,0.1102,0.0354,0.1953,0.5519,2.0809,1.6491,Financials,Insurance
ACN,Accenture PLC,$193B (Large),1.93E+11,Large,305.92,S&P 500,0.0140,0.1465,0.0553,0.0458,0.0289,0.7850,1.1805,Information Technology,IT Services
ADBE,Adobe Inc,$192B (Large),1.92E+11,Large,417.79,S&P 500,0.0130,0.2415,0.1318,-0.1071,0.0244,0.2134,0.8619,Information Technology,Software
ADI,Analog Devices Inc,$89B (Large),89000000000,Large,177.69,S&P 500,0.0120,0.0833,-0.0125,-0.5042,0.1429,0.8087,1.1971,Information Technology,Semiconductors & Semiconductor Equipment
ADM,Archer-Daniels-Midland Co,$38B (Mid),38000000000,Mid,70.65,S&P 500,0.0100,-0.2391,-0.2976,-0.2017,-0.1800,1.2023,0.8312,Consumer Staples,Food Products
ADP,Automatic Data Processing Inc,$86B (Large),86000000000,Large,208.99,S&P 500,0.0120,-0.1251,-0.1969,-0.0986,-0.0231,0.5908,0.9609,Industrials,Professional Services
ADSK,Autodesk Inc,$43B (Large),43000000000,Large,199.39,S&P 500,0.0130,0.0670,-0.0471,-0.3031,0.0111,0.1152,0.5350,Information Technology,Software
AEE,Ameren Corp,$21B (Mid),21000000000,Mid,81.07,S&P 500,0.0170,-0.0883,-0.1772,-0.0121,-0.1050,0.2145,0.5700,Utilities,Multi-Utilities
AEP,American Electric Power Company Inc,$43B (Large),43000000000,Large,83.12,S&P 500,0.0130,-0.1246,-0.2136,-0.0446,-0.1296,0.1247,0.4075,Utilities,Electric Utilities
AES,AES Corp,$13B (Mid),13000000000,Mid,19.74,S&P 500,0.0250,-0.3136,-0.3683,-0.0559,-0.0081,0.6694,0.8936,Utilities,Independent Power & Renewable Electricity Producers
AFL,Aflac Inc,$39B (Mid),39000000000,Mid,64.21,S&P 500,0.0180,-0.1075,-0.1721,-0.0319,0.1753,0.9386,0.6326,Financials,Insurance
AIG,American International Group Inc,$38B (Mid),38000000000,Mid,52.83,S&P 500,0.0100,-0.1646,-0.2100,-0.0735,-0.0511,1.4884,0.1196,Financials,Insurance
AIZ,Assurant Inc,$6B (Small),6000000000,Small,119.99,S&P 500,0.0140,-0.0405,-0.0963,0.0511,-0.2985,0.2879,0.4987,Financials,Insurance
AJG,Arthur J. Gallagher & Co.,$43B (Large),43000000000,Large,200.33,S&P 500,0.0100,0.0625,-0.0145,0.1407,0.2413,1.7353,2.1599,Financials,Insurance
AKAM,Akamai Technologies Inc,$14B (Mid),14000000000,Mid,92.12,S&P 500,0.0620,0.0928,-0.0025,-0.0174,-0.1799,-0.0391,0.3003,Information Technology,IT Services
ALB,Albemarle Corp,$23B (Mid),23000000000,Mid,193.53,S&P 500,0.0510,-0.1076,-0.1502,-0.0498,0.0612,2.6131,1.2051,Materials,Chemicals
ALGN,Align Technology Inc,$22B (Mid),22000000000,Mid,282.66,S&P 500,0.0240,0.3403,0.2335,0.3095,-0.0775,0.4019,0.1337,Health Care,Health Care Equipment & Supplies
ALK,Alaska Air Group Inc,$6B (Small),6000000000,Small,44.93,S&P 500,0.0360,0.0463,-0.0388,-0.0309,-0.1479,0.5015,-0.2791,Industrials,Passenger Airlines
ALL,Allstate Corp,$29B (Mid),29000000000,Mid,108.45,S&P 500,0.0100,-0.2002,-0.2549,-0.1227,-0.1105,0.1974,0.2651,Financials,Insurance
ALLE,Allegion PLC,$9B (Mid),9000000000,Mid,104.74,S&P 500,0.0290,-0.0049,-0.0712,-0.0595,-0.0517,0.1437,0.4755,Industrials,Building Products
AMAT,Applied Materials Inc,$112B (Large),1.12E+11,Large,133.30,S&P 500,0.0130,0.3689,0.2804,-0.1835,0.2239,2.0057,1.8684,Information Technology,Semiconductors & Semiconductor Equipment
AMCR,Amcor PLC,$14B (Mid),14000000000,Mid,9.64,S&P 500,0.0160,-0.1906,-0.2534,--,-0.1226,0.2831,--,Materials,Containers & Packaging
AMD,Advanced Micro Devices Inc,$190B (Large),1.9E+11,Large,118.21,S&P 500,0.0210,0.8251,0.7657,0.3482,0.3944,1.5114,10.2552,Information Technology,Semiconductors & Semiconductor Equipment
AME,AMETEK Inc,$33B (Mid),33000000000,Mid,145.07,S&P 500,0.0060,0.0383,-0.0360,0.0122,0.1760,0.8699,1.2044,Industrials,Electrical Equipment
AMGN,Amgen Inc,$118B (Large),1.18E+11,Large,220.65,S&P 500,0.0140,-0.1599,-0.2404,-0.0542,-0.0143,0.0455,0.5125,Health Care,Biotechnology
AMP,Ameriprise Financial Inc,$31B (Mid),31000000000,Mid,298.47,S&P 500,0.0120,-0.0414,-0.0927,0.0436,0.1764,1.9641,1.4999,Financials,Capital Markets
AMT,American Tower Corp,$86B (Large),86000000000,Large,184.44,S&P 500,0.0090,-0.1294,-0.2157,--,-0.2101,-0.1686,0.4975,Real Estate,Specialized REITs
AMZN,Amazon.com Inc,$1T (Large),1E+12,Large,120.58,S&P 500,0.0060,0.4355,0.3223,0.2715,-0.0228,0.0644,0.5378,Consumer Discretionary,Broadline Retail
ANET,Arista Networks Inc,$51B (Large),51000000000,Large,166.34,S&P 500,0.0140,0.3707,0.3122,0.3544,0.4749,2.3600,1.6301,Information Technology,Communications Equipment
ANSS,ANSYS Inc,$28B (Mid),28000000000,Mid,323.59,S&P 500,0.0090,0.3394,0.2439,0.0156,0.1759,0.2876,1.0431,Information Technology,Software
AON,Aon PLC,$63B (Large),63000000000,Large,308.29,S&P 500,0.0090,0.0272,-0.0514,0.1003,0.1137,0.7917,1.2791,Financials,Insurance
AOS,A O Smith Corp,$10B (Mid),10000000000,Mid,63.94,S&P 500,0.0350,0.1171,0.0637,0.0883,0.1468,0.6910,0.1890,Industrials,Building Products
APA,APA Corp (US),$10B (Mid),10000000000,Mid,31.78,S&P 500,0.0360,-0.3192,-0.3695,-0.2023,-0.1888,1.9728,-0.1208,Energy,"Oil, Gas & Consumable Fuels"
APD,Air Products and Chemicals Inc,$60B (Large),60000000000,Large,269.14,S&P 500,0.0070,-0.1269,-0.1883,-0.0915,0.1940,0.3200,0.8952,Materials,Chemicals
APH,Amphenol Corp,$45B (Large),45000000000,Large,75.45,S&P 500,0.0090,-0.0091,-0.0795,-0.0686,0.0847,0.8506,0.9242,Information Technology,"Electronic Equipment, Instruments & Components"
APTV,Aptiv PLC,$24B (Mid),24000000000,Mid,88.08,S&P 500,0.0260,-0.0542,-0.1057,-0.0545,-0.1606,0.3875,0.1018,Consumer Discretionary,Automobile Components
ARE,Alexandria Real Estate Equities Inc,$20B (Mid),20000000000,Mid,113.46,S&P 500,0.0160,-0.2211,-0.2949,--,-0.3460,-0.1899,0.0014,Real Estate,Office REITs
ATO,Atmos Energy Corp,$17B (Mid),17000000000,Mid,115.28,S&P 500,0.0410,0.0286,-0.0678,0.0801,0.0560,0.2406,0.4911,Utilities,Gas Utilities
ATVI,Activision Blizzard Inc,$63B (Large),63000000000,Large,80.20,S&P 500,0.0300,0.0477,-0.0456,-0.0998,0.0251,0.2498,0.2105,Communication Services,Entertainment
AVB,Avalonbay Communities Inc,$25B (Mid),25000000000,Mid,173.98,S&P 500,0.0150,0.0771,-0.0237,--,-0.1897,0.2095,0.2428,Real Estate,Residential REITs
AVGO,Broadcom Inc,$337B (Large),3.37E+11,Large,807.96,S&P 500,0.0160,0.4450,0.3117,-0.1491,0.4393,2.4047,3.1540,Information Technology,Semiconductors & Semiconductor Equipment
AVY,Avery Dennison Corp,$13B (Mid),13000000000,Mid,161.13,S&P 500,0.0210,-0.1098,-0.1775,--,-0.0752,0.5821,0.6871,Materials,Containers & Packaging
AWK,American Water Works Company Inc,$28B (Mid),28000000000,Mid,144.45,S&P 500,0.0110,-0.0523,-0.1423,0.0190,-0.0161,0.2658,0.8080,Utilities,Water Utilities
AXON,Axon Enterprise Inc,$14B (Mid),14000000000,Mid,192.91,S&P 500,0.0260,0.1626,0.0628,0.2157,0.6614,1.7785,3.6533,Industrials,Aerospace & Defense
AXP,American Express Co,$118B (Large),1.18E+11,Large,158.56,S&P 500,0.0090,0.0732,-0.0236,0.0052,-0.0657,0.8627,0.7209,Financials,Consumer Finance
AZO,Autozone Inc,$44B (Large),44000000000,Large,2386.84,S&P 500,0.0160,-0.0322,-0.0913,0.0291,0.2232,1.4683,2.8829,Consumer Discretionary,Specialty Retail
BA,Boeing Co,$124B (Large),1.24E+11,Large,205.70,S&P 500,0.0130,0.0798,-0.0190,0.1261,0.3774,0.5348,-0.3514,Industrials,Aerospace & Defense
BAC,Bank of America Corp,$221B (Large),2.21E+11,Large,27.79,S&P 500,0.0100,-0.1609,-0.2210,0.0046,-0.1986,0.3115,0.0554,Financials,Banks
BALL,Ball Corp,$16B (Mid),16000000000,Mid,51.16,S&P 500,0.0530,0.0004,-0.0715,0.0978,-0.3463,-0.1840,0.3879,Materials,Containers & Packaging
BAX,Baxter International Inc,$21B (Mid),21000000000,Mid,40.72,S&P 500,0.0110,-0.2011,-0.2776,-0.2504,-0.4166,-0.5187,-0.3844,Health Care,Health Care Equipment & Supplies
BBWI,Bath & Body Works Inc,$8B (Mid),8000000000,Mid,35.24,S&P 500,0.0380,-0.1637,-0.2138,-0.1050,-0.3174,2.8614,0.5333,Consumer Discretionary,Specialty Retail
BBY,Best Buy Co Inc,$16B (Mid),16000000000,Mid,72.67,S&P 500,0.0520,-0.0940,-0.1645,-0.0511,-0.1798,0.1213,0.1374,Consumer Discretionary,Specialty Retail
BDX,Becton Dickinson and Co,$69B (Large),69000000000,Large,241.76,S&P 500,0.0090,-0.0493,-0.1442,-0.1042,-0.0153,0.0118,0.1180,Health Care,Health Care Equipment & Supplies
BEN,Franklin Resources Inc,$12B (Mid),12000000000,Mid,24.01,S&P 500,0.0300,-0.0898,-0.1448,-0.0135,0.0229,0.5620,-0.0817,Financials,Capital Markets
BF/B,Brown-Forman Corp,$19B (Mid),19000000000,Mid,61.77,S&P 500,0.0230,-0.0595,-0.1447,-0.0491,-0.0473,0.0546,0.1880,Consumer Staples,Beverages
BG,Bunge Ltd,$14B (Mid),14000000000,Mid,92.64,S&P 500,0.0270,-0.0715,-0.1404,-0.0295,-0.1597,1.7223,0.5429,Consumer Staples,Food Products
BIIB,Biogen Inc,$43B (Large),43000000000,Large,296.41,S&P 500,0.0200,0.0704,-0.0153,0.1923,0.4407,0.0191,0.0877,Health Care,Biotechnology
BIO,Bio Rad Laboratories Inc,$9B (Mid),9000000000,Mid,373.35,S&P 500,0.0120,-0.1121,-0.1755,-0.0109,-0.2426,-0.1205,0.4995,Health Care,Life Sciences Tools & Services
BK,Bank of New York Mellon Corp,$32B (Mid),32000000000,Mid,40.20,S&P 500,0.0080,-0.1169,-0.1839,-0.0564,-0.0142,0.2384,-0.1342,Financials,Capital Markets
BKNG,Booking Holdings Inc,$93B (Large),93000000000,Large,2508.77,S&P 500,0.0180,0.2449,0.1456,0.1333,0.1532,0.7454,0.1603,Consumer Discretionary,"Hotels, Restaurants & Leisure"
BKR,Baker Hughes Co,$28B (Mid),28000000000,Mid,27.25,S&P 500,0.0150,-0.0772,-0.1405,0.1198,-0.0714,1.2513,-0.0833,Energy,Energy Equipment & Services
BLK,BlackRock Inc,$98B (Large),98000000000,Large,657.55,S&P 500,0.0150,-0.0721,-0.1322,0.0003,0.1094,0.4959,0.4805,Financials,Capital Markets
BMY,Bristol-Myers Squibb Co,$135B (Large),1.35E+11,Large,64.44,S&P 500,0.0100,-0.1044,-0.1916,-0.0432,-0.1251,0.1602,0.4128,Health Care,Pharmaceuticals
BR,Broadridge Financial Solutions Inc,$17B (Mid),17000000000,Mid,146.72,S&P 500,0.0240,0.0939,0.0059,0.1236,0.0518,0.3760,0.4907,Industrials,Professional Services
BRK/B,Berkshire Hathaway Inc,-- ,#VALUE!,,321.08,S&P 500,0.0040,0.0394,--,0.0438,0.0126,0.7638,0.6513,Financials,Financial Services
BRO,Brown & Brown Inc,$18B (Mid),18000000000,Mid,62.33,S&P 500,0.0100,0.0941,0.0093,0.1667,0.0578,0.8399,1.4176,Financials,Insurance
BSX,Boston Scientific Corp,$74B (Large),74000000000,Large,51.48,S&P 500,0.0110,0.1126,-0.0038,0.0496,0.2128,0.4029,0.7127,Health Care,Health Care Equipment & Supplies
BWA,Borgwarner Inc,$10B (Mid),10000000000,Mid,44.33,S&P 500,0.0290,0.1014,0.0595,0.1264,0.2717,0.8059,0.0466,Consumer Discretionary,Automobile Components
BXP,Boston Properties Inc,$8B (Mid),8000000000,Mid,48.67,S&P 500,0.0550,-0.2798,-0.3383,--,-0.5576,-0.3976,-0.5143,Real Estate,Office REITs
C,Citigroup Inc,$86B (Large),86000000000,Large,44.32,S&P 500,0.0150,-0.0201,-0.0977,0.1396,-0.0429,0.0990,-0.2193,Financials,Banks
CAG,Conagra Brands Inc,$17B (Mid),17000000000,Mid,34.87,S&P 500,0.0330,-0.0990,-0.1911,-0.0850,0.0392,0.1406,0.0982,Consumer Staples,Food Products
CAH,Cardinal Health Inc,$21B (Mid),21000000000,Mid,82.30,S&P 500,0.0220,0.0706,-0.0341,0.1676,0.4424,0.9003,0.5335,Health Care,Health Care Providers & Services
CARR,Carrier Global Corp,$34B (Mid),34000000000,Mid,40.90,S&P 500,0.0240,-0.0085,-0.0760,-0.0647,0.1005,1.5931,--,Industrials,Building Products
CAT,Caterpillar Inc,$106B (Large),1.06E+11,Large,205.75,S&P 500,0.0150,-0.1411,-0.2001,-0.0924,0.0136,1.0255,0.6456,Industrials,Machinery
CB,Chubb Ltd,$77B (Large),77000000000,Large,185.80,S&P 500,0.0060,-0.1578,-0.2133,-0.0771,-0.0578,0.9792,0.5463,Financials,Insurance
CBOE,Cboe Global Markets Inc,$14B (Mid),14000000000,Mid,132.42,S&P 500,0.0250,0.0554,-0.0373,0.1043,0.2059,0.4834,0.3311,Financials,Capital Markets
CBRE,CBRE Group Inc,$23B (Mid),23000000000,Mid,74.92,S&P 500,0.0290,-0.0265,-0.1097,--,-0.0896,0.8904,0.6386,Real Estate,Real Estate Management & Development
CCI,Crown Castle Inc,$49B (Large),49000000000,Large,113.21,S&P 500,0.0090,-0.1654,-0.2447,--,-0.3538,-0.2058,0.3236,Real Estate,Specialized REITs
CCL,Carnival Corp,$13B (Mid),13000000000,Mid,11.23,S&P 500,0.1160,0.3933,0.2890,0.2904,-0.3441,-0.1831,-0.8084,Consumer Discretionary,"Hotels, Restaurants & Leisure"
CDAY,Ceridian HCM Holding Inc,$10B (Mid),10000000000,Mid,61.85,S&P 500,0.0740,-0.0359,-0.1219,-0.0164,0.0762,0.0882,0.9600,Industrials,Professional Services
CDNS,Cadence Design Systems Inc,$63B (Large),63000000000,Large,230.91,S&P 500,0.0140,0.4374,0.3342,0.1145,0.5599,2.0953,4.8193,Information Technology,Software
CDW,CDW Corp,$23B (Mid),23000000000,Mid,171.69,S&P 500,0.0120,-0.0386,-0.1073,-0.0991,0.0803,0.6975,1.5626,Information Technology,"Electronic Equipment, Instruments & Components"
CE,Celanese Corp,$11B (Mid),11000000000,Mid,104.02,S&P 500,0.0400,0.0174,-0.0356,0.0757,-0.2407,0.4538,0.1449,Materials,Chemicals
CEG,Constellation Energy Corp,$27B (Mid),27000000000,Mid,84.02,S&P 500,0.0220,-0.0254,-0.1136,0.0649,0.4568,--,--,Utilities,Electric Utilities
CF,CF Industries Holdings Inc,$12B (Mid),12000000000,Mid,61.51,S&P 500,0.0190,-0.2781,-0.3355,-0.2528,-0.3424,1.5262,0.8352,Materials,Chemicals
CFG,Citizens Financial Group Inc,$12B (Mid),12000000000,Mid,25.78,S&P 500,0.0530,-0.3452,-0.3699,-0.1586,-0.2780,0.4436,-0.1822,Financials,Banks
CHD,Church & Dwight Co Inc,$23B (Mid),23000000000,Mid,92.45,S&P 500,0.0130,0.1469,0.0388,0.1742,-0.0322,0.3381,1.1165,Consumer Staples,Household Products
CHRW,CH Robinson Worldwide Inc,$11B (Mid),11000000000,Mid,94.54,S&P 500,0.1220,0.0325,-0.0273,0.0011,-0.0791,0.4714,0.2055,Industrials,Air Freight & Logistics
CHTR,Charter Communications Inc,$49B (Large),49000000000,Large,326.15,S&P 500,0.0590,-0.0382,-0.1025,-0.0777,-0.2293,-0.3459,0.1931,Communication Services,Media
CI,Cigna Group,$73B (Large),73000000000,Large,247.41,S&P 500,0.0100,-0.2533,-0.3314,-0.1582,0.0017,0.3478,0.4747,Health Care,Health Care Providers & Services
CINF,Cincinnati Financial Corp,$15B (Mid),15000000000,Mid,96.50,S&P 500,0.0150,-0.0575,-0.1183,0.0269,-0.1593,0.7548,0.5817,Financials,Insurance
CL,Colgate-Palmolive Co,$62B (Large),62000000000,Large,74.38,S&P 500,0.0170,-0.0560,-0.1315,-0.0124,0.0225,0.1736,0.3011,Consumer Staples,Household Products
CLX,Clorox Co,$20B (Mid),20000000000,Mid,158.18,S&P 500,0.0350,0.1272,0.0210,0.1547,0.1310,-0.1170,0.5339,Consumer Staples,Household Products
CMA,Comerica Inc,$5B (Small),5000000000,Small,36.10,S&P 500,0.0610,-0.4600,-0.4866,-0.2864,-0.5225,0.3136,-0.5105,Financials,Banks
CMCSA,Comcast Corp,$164B (Large),1.64E+11,Large,39.35,S&P 500,0.0100,0.1253,0.0224,0.0591,-0.0014,0.1361,0.3677,Communication Services,Media
CME,CME Group Inc,$64B (Large),64000000000,Large,178.75,S&P 500,0.0110,0.0630,-0.0325,0.1095,-0.1375,0.1478,0.3426,Financials,Capital Markets
CMG,Chipotle Mexican Grill Inc,$57B (Large),57000000000,Large,2076.49,S&P 500,0.0300,0.4966,0.3629,0.3713,0.4176,1.3674,3.8620,Consumer Discretionary,"Hotels, Restaurants & Leisure"
CMI,Cummins Inc,$29B (Mid),29000000000,Mid,204.41,S&P 500,0.0130,-0.1563,-0.2122,-0.1058,0.1094,0.4441,0.5771,Industrials,Machinery
CMS,CMS Energy Corp,$17B (Mid),17000000000,Mid,57.98,S&P 500,0.0320,-0.0845,-0.1797,-0.0149,-0.1287,0.1168,0.4038,Utilities,Multi-Utilities
CNC,Centene Corp,$34B (Mid),34000000000,Mid,62.41,S&P 500,0.0120,-0.2390,-0.3100,-0.1347,-0.2160,-0.0460,0.1397,Health Care,Health Care Providers & Services
CNP,CenterPoint Energy Inc,$18B (Mid),18000000000,Mid,28.21,S&P 500,0.0120,-0.0594,-0.1421,0.0263,-0.0389,0.8642,0.3091,Utilities,Multi-Utilities
COF,Capital One Financial Corp,$40B (Mid),40000000000,Mid,104.21,S&P 500,0.0220,0.1210,0.0284,0.0622,-0.1491,0.8039,0.2827,Financials,Consumer Finance
COO,Cooper Companies Inc,$18B (Mid),18000000000,Mid,371.53,S&P 500,0.0240,0.1236,0.0166,0.0719,0.0314,0.3142,0.6017,Health Care,Health Care Equipment & Supplies
COP,Conocophillips,$120B (Large),1.2E+11,Large,99.30,S&P 500,0.0080,-0.1585,-0.2170,-0.0353,0.1160,1.9439,0.8279,Energy,"Oil, Gas & Consumable Fuels"
COST,Costco Wholesale Corp,$227B (Large),2.27E+11,Large,511.56,S&P 500,0.0080,0.1206,0.0160,0.0986,-0.0325,0.7654,1.7720,Consumer Staples,Consumer Staples Distribution & Retail
CPB,Campbell Soup Co,$15B (Mid),15000000000,Mid,50.55,S&P 500,0.0450,-0.1093,-0.1897,-0.0834,0.1054,0.0953,0.4428,Consumer Staples,Food Products
CPRT,Copart Inc,$42B (Large),42000000000,Large,87.59,S&P 500,0.0110,0.4385,0.3284,0.3638,0.5414,1.2559,2.4301,Industrials,Commercial Services & Supplies
CPT,Camden Property Trust,$11B (Mid),11000000000,Mid,104.47,S&P 500,0.0160,-0.0662,-0.1499,--,-0.2842,0.3382,0.4102,Real Estate,Residential REITs
CRL,Charles River Laboratories International Inc,$10B (Mid),10000000000,Mid,193.38,S&P 500,0.0260,-0.1125,-0.1786,-0.0143,-0.2027,0.4146,0.8673,Health Care,Life Sciences Tools & Services
CRM,Salesforce Inc,$219B (Large),2.19E+11,Large,223.38,S&P 500,0.0090,0.6847,0.5071,0.3039,0.2326,0.3997,0.7778,Information Technology,Software
CSCO,Cisco Systems Inc,$202B (Large),2.02E+11,Large,49.67,S&P 500,0.0120,0.0426,-0.0385,-0.0299,0.0407,0.3446,0.3021,Information Technology,Communications Equipment
CSGP,CoStar Group Inc,$32B (Mid),32000000000,Mid,79.40,S&P 500,0.0150,0.0274,-0.0708,0.0395,0.2209,0.2632,1.1316,Industrials,Professional Services
CSX,CSX Corp,$62B (Large),62000000000,Large,30.67,S&P 500,0.0090,-0.0100,-0.0873,0.0213,-0.0817,0.4885,0.6599,Industrials,Ground Transportation
CTAS,Cintas Corp,$48B (Large),48000000000,Large,472.14,S&P 500,0.0120,0.0454,-0.0467,-0.0471,0.2203,1.3054,1.8936,Industrials,Commercial Services & Supplies
CTLT,Catalent Inc,$7B (Small),7000000000,Small,37.23,S&P 500,0.0350,-0.1729,-0.2613,-0.1195,-0.5959,-0.4532,-0.1203,Health Care,Pharmaceuticals
CTRA,Coterra Energy Inc,$18B (Mid),18000000000,Mid,23.25,S&P 500,0.0520,-0.0537,-0.1249,0.0655,-0.1015,0.4134,0.2300,Energy,"Oil, Gas & Consumable Fuels"
CTSH,Cognizant Technology Solutions Corp,$32B (Mid),32000000000,Mid,62.49,S&P 500,0.0200,0.0927,-0.0031,-0.0181,-0.2092,0.1588,-0.1805,Information Technology,IT Services
CTVA,Corteva Inc,$38B (Mid),38000000000,Mid,53.49,S&P 500,0.0080,-0.0900,-0.1462,-0.0454,-0.0319,1.2408,--,Materials,Chemicals
CVS,CVS Health Corp,$87B (Large),87000000000,Large,68.03,S&P 500,0.0120,-0.2700,-0.3421,-0.1699,-0.2852,0.2168,0.1379,Health Care,Health Care Providers & Services
CVX,Chevron Corp,$283B (Large),2.83E+11,Large,150.62,S&P 500,0.0080,-0.1608,-0.2212,-0.0399,0.0011,0.9861,0.5402,Energy,"Oil, Gas & Consumable Fuels"
CZR,Caesars Entertainment Inc,$9B (Mid),9000000000,Mid,41.01,"Russell 2000, S&P 500",0.0300,-0.0142,-0.0956,-0.1309,-0.3971,1.1874,0.0226,Consumer Discretionary,"Hotels, Restaurants & Leisure"
D,Dominion Energy Inc,$42B (Large),42000000000,Large,50.28,S&P 500,0.0070,-0.1800,-0.2594,-0.1022,-0.3616,-0.2636,-0.0771,Utilities,Multi-Utilities
DAL,Delta Air Lines Inc,$23B (Mid),23000000000,Mid,36.33,S&P 500,0.0390,0.1056,0.0080,0.0203,-0.1498,0.5041,-0.2749,Industrials,Passenger Airlines
DD,Dupont De Nemours Inc,$31B (Mid),31000000000,Mid,67.19,S&P 500,0.0170,-0.0210,-0.0858,0.0207,0.0698,0.6221,-0.1418,Materials,Chemicals
DE,Deere & Co,$103B (Large),1.03E+11,Large,345.98,S&P 500,0.0090,-0.1931,-0.2534,-0.1509,-0.0684,1.6352,1.7961,Industrials,Machinery
DFS,Discover Financial Services,$26B (Mid),26000000000,Mid,102.74,S&P 500,0.0190,0.0502,-0.0358,-0.0081,-0.0606,1.6933,0.6488,Financials,Consumer Finance
DG,Dollar General Corp,$44B (Large),44000000000,Large,201.09,S&P 500,0.0250,-0.1834,-0.2443,-0.1865,-0.1286,0.2082,1.2079,Consumer Staples,Consumer Staples Distribution & Retail
DGX,Quest Diagnostics Inc,$15B (Mid),15000000000,Mid,132.65,S&P 500,0.0360,-0.1521,-0.2187,-0.0347,0.0311,0.3025,0.4454,Health Care,Health Care Providers & Services
DHI,DR Horton Inc,$36B (Mid),36000000000,Mid,106.84,S&P 500,0.0270,0.1986,0.0999,0.0228,0.5390,1.3883,1.5800,Consumer Discretionary,Household Durables
DHR,Danaher Corp,$169B (Large),1.69E+11,Large,229.62,S&P 500,0.0060,-0.1349,-0.2186,-0.0581,-0.0895,0.4283,1.3010,Health Care,Life Sciences Tools & Services
DIS,Walt Disney Co,$161B (Large),1.61E+11,Large,87.96,S&P 500,0.0130,0.0124,-0.0772,-0.1343,-0.2263,-0.1676,-0.0975,Communication Services,Entertainment
DISH,DISH Network Corp,$3B (Small),3000000000,Small,6.43,S&P 500,0.1040,-0.5420,-0.5637,-0.5828,-0.7580,-0.7203,-0.7985,Communication Services,Media
DLR,Digital Realty Trust Inc,$30B (Mid),30000000000,Mid,102.46,S&P 500,0.0560,0.0218,-0.0840,--,-0.2570,-0.2332,0.1435,Real Estate,Specialized REITs
DLTR,Dollar Tree Inc,$30B (Mid),30000000000,Mid,134.88,S&P 500,0.0300,-0.0464,-0.1061,-0.0352,-0.1524,0.7894,0.4436,Consumer Staples,Consumer Staples Distribution & Retail
DOV,Dover Corp,$19B (Mid),19000000000,Mid,133.33,S&P 500,0.0160,-0.0154,-0.0767,0.0427,0.0381,0.5711,1.0342,Industrials,Machinery
DOW,Dow Inc,$35B (Mid),35000000000,Mid,48.78,S&P 500,0.0160,-0.0320,-0.1032,0.0017,-0.2133,0.7213,--,Materials,Chemicals
DPZ,Domino's Pizza Inc,$10B (Mid),10000000000,Mid,289.85,S&P 500,0.0360,-0.1633,-0.2320,-0.2803,-0.1592,-0.1594,0.2350,Consumer Discretionary,"Hotels, Restaurants & Leisure"
DRI,Darden Restaurants Inc,$19B (Mid),19000000000,Mid,158.52,S&P 500,0.0630,0.1460,0.0585,0.0379,0.2516,1.4832,0.9539,Consumer Discretionary,"Hotels, Restaurants & Leisure"
DTE,DTE Energy Co,$22B (Mid),22000000000,Mid,107.60,S&P 500,0.0090,-0.0845,-0.1732,-0.0077,-0.1472,0.3683,0.4021,Utilities,Multi-Utilities
DUK,Duke Energy Corp,$69B (Large),69000000000,Large,89.29,S&P 500,0.0100,-0.1330,-0.2198,-0.0515,-0.1498,0.2138,0.3696,Utilities,Electric Utilities
DVA,DaVita Inc,$8B (Mid),8000000000,Mid,93.67,S&P 500,0.0310,0.2545,0.1300,0.3473,-0.1380,0.2079,0.4642,Health Care,Health Care Providers & Services
DVN,Devon Energy Corp,$30B (Mid),30000000000,Mid,46.10,S&P 500,0.0230,-0.2505,-0.3030,-0.1295,-0.1293,4.1700,0.6429,Energy,"Oil, Gas & Consumable Fuels"
DXC,DXC Technology Co,$5B (Small),5000000000,Small,25.03,S&P 500,0.0370,-0.0555,-0.1298,-0.1569,-0.1399,0.5045,-0.7024,Information Technology,IT Services
DXCM,Dexcom Inc,$45B (Large),45000000000,Large,117.26,S&P 500,0.0370,0.0355,-0.0845,-0.0388,0.1157,0.3301,5.1894,Health Care,Health Care Equipment & Supplies
EA,Electronic Arts Inc,$35B (Mid),35000000000,Mid,128.00,S&P 500,0.0210,0.0476,-0.0549,-0.1100,0.0620,0.1337,0.0716,Communication Services,Entertainment
EBAY,eBay Inc,$23B (Mid),23000000000,Mid,42.54,S&P 500,0.0270,0.0258,-0.0397,-0.1250,-0.1626,0.1626,0.2301,Consumer Discretionary,Broadline Retail
ECL,Ecolab Inc,$47B (Large),47000000000,Large,165.05,S&P 500,0.0060,0.1339,0.0399,0.1585,0.0151,-0.0984,0.1888,Materials,Chemicals
ED,Consolidated Edison Inc,$32B (Mid),32000000000,Mid,93.30,S&P 500,0.0220,-0.0211,-0.1134,0.0578,0.0493,0.3545,0.4047,Utilities,Multi-Utilities
EFX,Equifax Inc,$26B (Mid),26000000000,Mid,208.62,S&P 500,0.0350,0.0734,-0.0100,0.1061,0.0356,0.5680,0.9613,Industrials,Professional Services
EIX,Edison International,$26B (Mid),26000000000,Mid,67.52,S&P 500,0.0200,0.0613,-0.0569,0.1270,0.0119,0.3492,0.2377,Utilities,Electric Utilities
EL,Estee Lauder Companies Inc,$66B (Large),66000000000,Large,184.03,S&P 500,0.0090,-0.2583,-0.2938,-0.1172,-0.2533,0.1430,0.3894,Consumer Staples,Personal Care Products
ELV,Elevance Health Inc,$106B (Large),1.06E+11,Large,447.82,S&P 500,0.0080,-0.1270,-0.2138,-0.0293,-0.1017,0.6977,0.9899,Health Care,Health Care Providers & Services
EMN,Eastman Chemical Co,$9B (Mid),9000000000,Mid,77.09,S&P 500,0.0150,-0.0534,-0.1050,-0.0002,-0.1876,0.4590,-0.0823,Materials,Chemicals
EMR,Emerson Electric Co,$44B (Large),44000000000,Large,77.68,S&P 500,0.0090,-0.1913,-0.2550,-0.2276,-0.1066,0.5793,0.3043,Industrials,Electrical Equipment
ENPH,Enphase Energy Inc,$24B (Mid),24000000000,Mid,173.88,S&P 500,0.0500,-0.3438,-0.4000,-0.9288,0.0344,3.0259,41.8867,Information Technology,Semiconductors & Semiconductor Equipment
EOG,EOG Resources Inc,$63B (Large),63000000000,Large,107.29,S&P 500,0.0140,-0.1716,-0.2259,-0.0529,0.0069,1.8958,0.1282,Energy,"Oil, Gas & Consumable Fuels"
EPAM,Epam Systems Inc,$15B (Mid),15000000000,Mid,256.62,S&P 500,0.0240,-0.2170,-0.2814,-0.3230,-0.1059,0.1924,1.2434,Information Technology,IT Services
EQIX,Equinix Inc,$70B (Large),70000000000,Large,745.55,S&P 500,0.0160,0.1382,0.0237,--,0.0707,0.1560,0.9096,Real Estate,Specialized REITs
EQR,Equity Residential,$23B (Mid),23000000000,Mid,60.80,S&P 500,0.0160,0.0305,-0.0712,--,-0.2189,0.0746,0.1467,Real Estate,Residential REITs
EQT,EQT Corp,$13B (Mid),13000000000,Mid,34.77,S&P 500,0.0540,0.0278,-0.0536,0.1437,-0.0933,1.5036,0.3384,Energy,"Oil, Gas & Consumable Fuels"
ES,Eversource Energy,$24B (Mid),24000000000,Mid,69.23,S&P 500,0.0120,-0.1743,-0.2604,-0.0959,-0.1798,-0.0632,0.3272,Utilities,Electric Utilities
ESS,Essex Property Trust Inc,$14B (Mid),14000000000,Mid,216.06,S&P 500,0.0160,0.0195,-0.0759,--,-0.3015,0.0014,0.0438,Real Estate,Residential REITs
ETN,Eaton Corporation PLC,$70B (Large),70000000000,Large,175.90,S&P 500,0.0110,0.1207,0.0576,0.1147,0.2742,1.3878,1.8438,Industrials,Electrical Equipment
ETR,Entergy Corp,$21B (Mid),21000000000,Mid,98.20,S&P 500,0.0090,-0.1271,-0.2150,-0.0462,-0.1407,0.1672,0.4505,Utilities,Electric Utilities
ETSY,ETSY Inc,$10B (Mid),10000000000,Mid,81.05,S&P 500,0.0970,-0.3233,-0.3713,-0.4881,-0.1502,0.2800,1.7206,Consumer Discretionary,Broadline Retail
EVRG,Evergy Inc,$13B (Mid),13000000000,Mid,57.85,S&P 500,0.0100,-0.0807,-0.1728,0.0001,-0.1083,0.1497,0.2658,Utilities,Electric Utilities
EW,Edwards Lifesciences Corp,$51B (Large),51000000000,Large,84.23,S&P 500,0.0160,0.1289,-0.0038,0.0495,-0.2234,0.1667,0.8420,Health Care,Health Care Equipment & Supplies
EXC,Exelon Corp,$39B (Mid),39000000000,Mid,39.65,S&P 500,0.0100,-0.0828,-0.1692,0.0040,-0.1220,0.7235,0.6362,Utilities,Electric Utilities
EXPD,Expeditors International of Washington Inc,$17B (Mid),17000000000,Mid,110.31,S&P 500,0.0630,0.0615,0.0112,0.0433,0.1648,0.6687,0.9070,Industrials,Air Freight & Logistics
EXPE,Expedia Group Inc,$14B (Mid),14000000000,Mid,95.71,S&P 500,0.0300,0.0926,0.0110,-0.0142,-0.4451,0.4416,-0.1256,Consumer Discretionary,"Hotels, Restaurants & Leisure"
EXR,Extra Space Storage Inc,$19B (Mid),19000000000,Mid,144.27,S&P 500,0.0910,-0.0198,-0.0933,--,-0.1709,0.8484,0.9116,Real Estate,Specialized REITs
F,Ford Motor Co,$48B (Large),48000000000,Large,12.00,S&P 500,0.0470,0.0318,0.0384,-0.4037,-0.0309,1.8584,0.3982,Consumer Discretionary,Automobiles
FANG,Diamondback Energy Inc,$23B (Mid),23000000000,Mid,127.15,S&P 500,0.0280,-0.0704,-0.1357,0.0537,0.1084,2.7051,0.1844,Energy,"Oil, Gas & Consumable Fuels"
FAST,Fastenal Co,$31B (Mid),31000000000,Mid,53.85,S&P 500,0.0250,0.1380,0.0592,0.0426,0.0250,0.6630,1.5412,Industrials,Trading Companies & Distributors
FCX,Freeport-McMoRan Inc,$49B (Large),49000000000,Large,34.34,S&P 500,0.0150,-0.0963,-0.1776,-0.0400,-0.1327,3.1725,1.4295,Materials,Metals & Mining
FDS,Factset Research Systems Inc,$15B (Mid),15000000000,Mid,384.89,S&P 500,0.0120,-0.0407,-0.1129,0.0215,-0.0016,0.4899,1.1750,Financials,Capital Markets
FDX,FedEx Corp,$55B (Large),55000000000,Large,217.98,S&P 500,0.0150,0.2585,0.1920,0.2414,0.1743,1.0053,-0.0025,Industrials,Air Freight & Logistics
FE,FirstEnergy Corp,$21B (Mid),21000000000,Mid,37.39,S&P 500,0.0200,-0.1085,-0.1946,-0.0238,-0.0949,0.0396,0.3487,Utilities,Electric Utilities
FFIV,F5 Inc,$9B (Mid),9000000000,Mid,147.58,S&P 500,0.0310,0.0284,-0.0608,-0.0543,-0.1429,0.0911,-0.1035,Information Technology,Communications Equipment
FICO,Fair Isaac Corp,$20B (Mid),20000000000,Mid,787.67,S&P 500,0.0270,0.3159,0.2055,-0.0264,1.1129,1.3481,3.5327,Information Technology,Software
FIS,Fidelity National Information Services Inc,$32B (Mid),32000000000,Mid,54.57,S&P 500,0.0160,-0.1957,-0.2738,-0.2038,-0.4324,-0.5614,-0.4178,Financials,Financial Services
FISV,Fiserv Inc,$69B (Large),69000000000,Large,112.19,S&P 500,0.0150,0.1100,0.0204,0.1184,0.1630,0.1268,0.5770,Financials,Financial Services
FITB,Fifth Third Bancorp,$17B (Mid),17000000000,Mid,24.27,S&P 500,0.0130,-0.2603,-0.2918,-0.0730,-0.2972,0.6036,-0.0819,Financials,Banks
FLT,Fleetcor Technologies Inc,$17B (Mid),17000000000,Mid,226.55,S&P 500,0.0190,0.2334,0.1479,0.2581,-0.0702,-0.0081,0.0979,Financials,Financial Services
FMC,FMC Corp,$13B (Mid),13000000000,Mid,104.08,S&P 500,0.0090,-0.1660,-0.2377,-0.1456,-0.1938,0.2244,0.6470,Materials,Chemicals
FOX,Fox Corp,-- ,#VALUE!,,29.21,S&P 500,0.0100,0.0267,--,-0.0312,-0.1214,0.2220,--,Communication Services,Media
FOXA,Fox Corp,$8B (Mid),8000000000,Mid,31.20,S&P 500,0.0740,0.0273,-0.0537,-0.0242,-0.1268,0.2889,--,Communication Services,Media
FRT,Federal Realty Investment Trust,$7B (Small),7000000000,Small,88.20,S&P 500,0.0290,-0.1271,-0.2113,--,-0.2084,0.2629,-0.0990,Real Estate,Retail REITs
FSLR,First Solar Inc,$22B (Mid),22000000000,Mid,202.96,S&P 500,0.0310,0.3550,0.2336,-0.2347,1.7485,3.8213,1.9981,Information Technology,Semiconductors & Semiconductor Equipment
FTNT,Fortinet Inc,$54B (Large),54000000000,Large,68.33,S&P 500,0.0140,0.3976,0.2799,0.0551,0.1735,2.2845,5.1482,Information Technology,Software
FTV,Fortive Corp,$23B (Mid),23000000000,Mid,65.11,S&P 500,0.0130,0.0134,-0.0445,0.0779,0.1504,0.3417,0.1399,Industrials,Machinery
GD,General Dynamics Corp,$56B (Large),56000000000,Large,204.18,S&P 500,0.0110,-0.1771,-0.2448,-0.1212,-0.1001,0.7299,0.1737,Industrials,Aerospace & Defense
GE,General Electric Co,$111B (Large),1.11E+11,Large,101.53,S&P 500,0.0120,0.5528,0.4298,0.5112,0.7445,1.5552,0.2605,Industrials,Industrial Conglomerates
GEHC,GE Healthcare Technologies Inc,$36B (Mid),36000000000,Mid,79.51,S&P 500,0.0120,0.3619,0.2192,0.2938,--,--,--,Health Care,Health Care Equipment & Supplies
GEN,Gen Digital Inc,$11B (Mid),11000000000,Mid,17.54,S&P 500,0.0270,-0.1815,-0.2664,-0.5433,-0.3014,-0.1126,0.1957,Information Technology,Software
GILD,Gilead Sciences Inc,$96B (Large),96000000000,Large,76.94,S&P 500,0.0140,-0.1038,-0.1883,0.0028,0.3192,0.0834,0.2818,Health Care,Biotechnology
GIS,General Mills Inc,$49B (Large),49000000000,Large,84.16,S&P 500,0.0200,0.0037,-0.0933,0.0221,0.2308,0.5312,1.2690,Consumer Staples,Food Products
GL,Globe Life Inc,$10B (Mid),10000000000,Mid,103.18,S&P 500,0.0130,-0.1441,-0.2037,-0.0666,0.0802,0.3479,0.2641,Financials,Insurance
GLW,Corning Inc,$26B (Mid),26000000000,Mid,30.81,S&P 500,0.0070,-0.0354,-0.1093,-0.1013,-0.0974,0.6565,0.3460,Information Technology,"Electronic Equipment, Instruments & Components"
GM,General Motors Co,$45B (Large),45000000000,Large,32.41,S&P 500,0.0240,-0.0366,-0.0946,-0.4946,-0.1264,0.6071,0.0024,Consumer Discretionary,Automobiles
GNRC,Generac Holdings Inc,$7B (Small),7000000000,Small,108.92,S&P 500,0.0700,0.0821,0.0272,0.0814,-0.5004,0.2140,1.5183,Industrials,Electrical Equipment
GOOG,Alphabet Inc,-- ,#VALUE!,,123.37,S&P 500,0.0060,0.3904,--,-0.1527,0.0639,0.8876,1.4031,Communication Services,Interactive Media & Services
GOOGL,Alphabet Inc,$838B (Large),8.38E+11,Large,122.87,S&P 500,0.0080,0.3926,0.2797,-0.1557,0.0608,0.8776,1.3766,Communication Services,Interactive Media & Services
GPC,Genuine Parts Co,$21B (Mid),21000000000,Mid,148.93,S&P 500,0.0160,-0.1417,-0.1702,-0.0593,0.2365,1.2764,1.0517,Consumer Discretionary,Distributors
GPN,Global Payments Inc,$26B (Mid),26000000000,Mid,97.69,S&P 500,0.0140,-0.0164,-0.0888,-0.0011,-0.1957,-0.3747,-0.1057,Financials,Financial Services
GRMN,Garmin Ltd,$20B (Mid),20000000000,Mid,103.15,S&P 500,0.0180,0.1177,0.0436,-0.0388,-0.0267,0.4226,1.0401,Consumer Discretionary,Household Durables
GS,Goldman Sachs Group Inc,$108B (Large),1.08E+11,Large,323.90,S&P 500,0.0100,-0.0567,-0.1204,0.0132,0.0952,1.0000,0.5536,Financials,Capital Markets
GWW,WW Grainger Inc,$33B (Mid),33000000000,Mid,649.02,S&P 500,0.0230,0.1668,0.0735,0.0583,0.3528,1.5607,1.5231,Industrials,Trading Companies & Distributors
HAL,Halliburton Co,$26B (Mid),26000000000,Mid,28.65,S&P 500,0.0320,-0.2719,-0.3102,-0.0661,-0.1611,2.1559,-0.3782,Energy,Energy Equipment & Services
HAS,Hasbro Inc,$8B (Mid),8000000000,Mid,59.35,S&P 500,0.0620,-0.0272,-0.0956,-0.0157,-0.2961,-0.0240,-0.1888,Consumer Discretionary,Leisure Products
HBAN,Huntington Bancshares Inc,$15B (Mid),15000000000,Mid,10.31,S&P 500,0.0350,-0.2688,-0.3117,-0.0948,-0.1583,0.4279,-0.0994,Financials,Banks
HCA,HCA Healthcare Inc,$73B (Large),73000000000,Large,264.19,S&P 500,0.0080,0.1010,0.0051,0.2105,0.2664,1.5737,1.8739,Health Care,Health Care Providers & Services
HD,Home Depot Inc,$285B (Large),2.85E+11,Large,283.45,S&P 500,0.0140,-0.1026,-0.1548,-0.0405,-0.0223,0.4339,0.7849,Consumer Discretionary,Specialty Retail
HES,Hess Corp,$39B (Mid),39000000000,Mid,126.67,S&P 500,0.0140,-0.1068,-0.1767,0.0088,0.2644,2.0194,1.4063,Energy,"Oil, Gas & Consumable Fuels"
HIG,Hartford Financial Services Group Inc,$21B (Mid),21000000000,Mid,68.52,S&P 500,0.0090,-0.0964,-0.1718,-0.0316,0.0035,1.0757,0.4383,Financials,Insurance
HII,Huntington Ingalls Industries Inc,$8B (Mid),8000000000,Mid,201.38,S&P 500,0.0220,-0.1270,-0.2003,-0.0725,-0.0215,0.1740,-0.0419,Industrials,Aerospace & Defense
HLT,Hilton Worldwide Holdings Inc,$36B (Mid),36000000000,Mid,136.12,S&P 500,0.0160,0.0772,-0.0168,-0.0446,-0.1196,0.8996,0.7291,Consumer Discretionary,"Hotels, Restaurants & Leisure"
HOLX,Hologic Inc,$19B (Mid),19000000000,Mid,78.89,S&P 500,0.0220,0.0545,-0.0400,0.0098,0.0789,0.5923,0.9849,Health Care,Health Care Equipment & Supplies
HON,Honeywell International Inc,$127B (Large),1.27E+11,Large,191.60,S&P 500,0.0080,-0.1059,-0.1712,-0.1471,0.0137,0.5136,0.5644,Industrials,Industrial Conglomerates
HPE,Hewlett Packard Enterprise Co,$19B (Mid),19000000000,Mid,14.42,S&P 500,0.0240,-0.0965,-0.1122,--,0.0432,0.8190,0.0687,Information Technology,"Technology Hardware, Storage & Peripherals"
HPQ,HP Inc,$29B (Mid),29000000000,Mid,29.06,S&P 500,0.0220,0.0815,0.0509,--,-0.1370,1.3094,0.6558,Information Technology,"Technology Hardware, Storage & Peripherals"
HRL,Hormel Foods Corp,$21B (Mid),21000000000,Mid,38.25,S&P 500,0.0220,-0.1603,-0.2317,-0.1295,-0.2425,-0.1222,0.1787,Consumer Staples,Food Products
HSIC,Henry Schein Inc,$10B (Mid),10000000000,Mid,73.90,S&P 500,0.0290,-0.0747,-0.1528,0.0376,-0.0787,0.4213,0.2300,Health Care,Health Care Providers & Services
HST,Host Hotels & Resorts Inc,$12B (Mid),12000000000,Mid,16.60,S&P 500,0.0420,0.0343,-0.0563,--,-0.1430,0.5102,-0.0232,Real Estate,Hotel & Resort REITs
HSY,Hershey Co,$53B (Large),53000000000,Large,259.70,S&P 500,0.0170,0.1215,0.0107,0.1361,0.2045,1.0601,2.1371,Consumer Staples,Food Products
HUM,Humana Inc,$63B (Large),63000000000,Large,501.87,S&P 500,0.0120,-0.0201,-0.1175,0.0762,0.1497,0.3565,0.7361,Health Care,Health Care Providers & Services
HWM,Howmet Aerospace Inc,$18B (Mid),18000000000,Mid,42.75,S&P 500,0.0100,0.0848,0.0073,0.1549,0.2901,2.4882,2.2784,Industrials,Aerospace & Defense
IBM,International Business Machines Corp,$117B (Large),1.17E+11,Large,128.59,S&P 500,0.0290,-0.0873,-0.1610,-0.1910,0.0357,0.3105,0.2072,Information Technology,IT Services
ICE,Intercontinental Exchange Inc,$59B (Large),59000000000,Large,105.95,S&P 500,0.0080,0.0328,-0.0709,0.0674,-0.0655,0.2237,0.5394,Financials,Capital Markets
IDXX,IDEXX Laboratories Inc,$39B (Mid),39000000000,Mid,464.77,S&P 500,0.0270,0.1393,0.0433,0.1012,0.0781,0.7220,1.3901,Health Care,Health Care Equipment & Supplies
IEX,IDEX Corp,$15B (Mid),15000000000,Mid,199.16,S&P 500,0.0120,-0.1278,-0.1892,-0.0805,0.0798,0.3861,0.6122,Industrials,Machinery
IFF,International Flavors & Fragrances Inc,$20B (Mid),20000000000,Mid,77.29,S&P 500,0.0140,-0.2628,-0.3189,-0.2346,-0.3353,-0.3304,-0.3746,Materials,Chemicals
ILMN,Illumina Inc,$31B (Mid),31000000000,Mid,196.65,S&P 500,0.0270,-0.0274,-0.1218,0.0479,-0.3535,-0.3641,-0.1995,Health Care,Life Sciences Tools & Services
INCY,Incyte Corp,$14B (Mid),14000000000,Mid,61.55,S&P 500,0.0310,-0.2337,-0.2967,-0.1160,-0.1865,-0.3641,0.0168,Health Care,Biotechnology
INTC,Intel Corp,$131B (Large),1.31E+11,Large,31.44,S&P 500,0.0160,0.1896,0.0359,-0.4512,-0.3005,-0.4231,-0.3480,Information Technology,Semiconductors & Semiconductor Equipment
INTU,Intuit Inc,$117B (Large),1.17E+11,Large,419.12,S&P 500,0.0130,0.0768,-0.0475,-0.3035,-0.0420,0.5847,1.2457,Information Technology,Software
INVH,Invitation Homes Inc,$21B (Mid),21000000000,Mid,33.88,S&P 500,0.0240,0.1430,0.0346,--,-0.0945,0.5826,0.6157,Real Estate,Residential REITs
IP,International Paper Co,$10B (Mid),10000000000,Mid,29.44,S&P 500,0.0360,-0.1499,-0.2054,--,-0.3127,0.0872,-0.2132,Materials,Containers & Packaging
IPG,Interpublic Group of Companies Inc,$14B (Mid),14000000000,Mid,37.19,S&P 500,0.0390,0.1165,0.0492,0.0885,0.2124,1.6215,0.9969,Communication Services,Media
IQV,IQVIA Holdings Inc,$37B (Mid),37000000000,Mid,196.91,S&P 500,0.0110,-0.0389,-0.1148,0.0555,-0.0848,0.4551,1.0272,Health Care,Life Sciences Tools & Services
IR,Ingersoll Rand Inc,$23B (Mid),23000000000,Mid,56.66,S&P 500,0.0140,0.0844,0.0211,0.1498,0.3142,1.0830,0.8805,Industrials,Machinery
IRM,Iron Mountain Inc,$16B (Mid),16000000000,Mid,53.42,S&P 500,0.0430,0.0716,-0.0220,--,0.1042,1.7084,1.1730,Real Estate,Specialized REITs
ISRG,Intuitive Surgical Inc,$108B (Large),1.08E+11,Large,307.84,S&P 500,0.0070,0.1601,0.0565,0.1156,0.2759,0.8466,1.0583,Health Care,Health Care Equipment & Supplies
IT,Gartner Inc,$27B (Mid),27000000000,Mid,342.86,S&P 500,0.0270,0.0200,-0.0697,-0.0911,0.1809,1.9804,1.8072,Information Technology,IT Services
ITW,Illinois Tool Works Inc,$66B (Large),66000000000,Large,218.73,S&P 500,0.0190,-0.0071,-0.0742,0.0454,0.1453,0.5018,0.7563,Industrials,Machinery
IVZ,Invesco Ltd,$7B (Small),7000000000,Small,14.38,S&P 500,0.0270,-0.2007,-0.2479,-0.1265,-0.1680,1.1168,-0.3289,Financials,Capital Markets
J,Jacobs Solutions Inc,$14B (Mid),14000000000,Mid,109.60,S&P 500,0.0110,-0.0872,-0.1397,-0.0359,-0.1710,0.4361,1.0212,Industrials,Professional Services
JBHT,J B Hunt Transport Services Inc,$17B (Mid),17000000000,Mid,166.97,S&P 500,0.0310,-0.0424,-0.1033,0.0038,0.0182,0.7452,0.5470,Industrials,Ground Transportation
JCI,Johnson Controls International PLC,$41B (Mid),41000000000,Mid,59.70,S&P 500,0.0110,-0.0672,-0.1201,-0.1130,0.0283,1.3677,0.9434,Industrials,Building Products
JKHY,Jack Henry & Associates Inc,$11B (Mid),11000000000,Mid,152.89,S&P 500,0.0470,-0.1291,-0.2274,-0.1530,-0.2082,-0.0277,0.2975,Financials,Financial Services
JNJ,Johnson & Johnson,$403B (Large),4.03E+11,Large,155.06,S&P 500,0.0050,-0.1222,-0.2022,-0.0548,-0.1058,0.1345,0.4099,Health Care,Pharmaceuticals
JNPR,Juniper Networks Inc,$10B (Mid),10000000000,Mid,30.37,S&P 500,0.0240,-0.0497,-0.1233,-0.1227,-0.0212,0.5374,0.4378,Information Technology,Communications Equipment
JPM,JPMorgan Chase & Co,$397B (Large),3.97E+11,Large,135.71,S&P 500,0.0060,0.0120,-0.0642,0.1764,0.1794,0.6129,0.4680,Financials,Banks
K,Kellogg Co,$23B (Mid),23000000000,Mid,66.77,S&P 500,0.0310,-0.0627,-0.1489,-0.0388,0.0192,0.1376,0.3510,Consumer Staples,Food Products
KDP,Keurig Dr Pepper Inc,$44B (Large),44000000000,Large,31.12,S&P 500,0.0080,-0.1273,-0.2063,-0.1166,-0.1325,0.2742,--,Consumer Staples,Beverages
KEY,KeyCorp,$9B (Mid),9000000000,Mid,9.34,S&P 500,0.0390,-0.4638,-0.4796,-0.2786,-0.4568,0.0392,-0.3765,Financials,Banks
KEYS,Keysight Technologies Inc,$29B (Mid),29000000000,Mid,161.80,S&P 500,0.0210,-0.0542,-0.1340,-0.1283,0.1438,0.7292,2.1601,Information Technology,"Electronic Equipment, Instruments & Components"
KHC,Kraft Heinz Co,$47B (Large),47000000000,Large,38.22,S&P 500,0.0100,-0.0612,-0.1512,-0.0413,-0.0604,0.4666,-0.1414,Consumer Staples,Food Products
KIM,Kimco Realty Corp,$11B (Mid),11000000000,Mid,18.38,S&P 500,0.0260,-0.1322,-0.2176,--,-0.2318,0.8915,0.5593,Real Estate,Retail REITs
KLAC,KLA Corp,$61B (Large),61000000000,Large,442.99,S&P 500,0.0160,0.1749,0.1108,-0.3692,0.4282,2.1901,3.9279,Information Technology,Semiconductors & Semiconductor Equipment
KMB,Kimberly-Clark Corp,$45B (Large),45000000000,Large,134.28,S&P 500,0.0170,-0.0108,-0.1017,0.0203,0.0181,0.0807,0.5301,Consumer Staples,Household Products
KMI,Kinder Morgan Inc,$36B (Mid),36000000000,Mid,16.11,S&P 500,0.0170,-0.1090,-0.1845,0.0003,-0.0544,0.3520,0.3589,Energy,"Oil, Gas & Consumable Fuels"
KMX,Carmax Inc,$11B (Mid),11000000000,Mid,72.21,S&P 500,0.1400,0.1859,0.1089,0.2485,-0.1885,0.0407,0.1640,Consumer Discretionary,Specialty Retail
KO,Coca-Cola Co,$258B (Large),2.58E+11,Large,59.66,S&P 500,0.0050,-0.0621,-0.1420,-0.0462,-0.0298,0.4384,0.6437,Consumer Staples,Beverages
KR,Kroger Co,$33B (Mid),33000000000,Mid,45.33,S&P 500,0.0260,0.0168,-0.0588,0.0167,-0.1219,0.5366,1.0709,Consumer Staples,Consumer Staples Distribution & Retail
L,Loews Corp,$13B (Mid),13000000000,Mid,56.00,S&P 500,0.0060,-0.0399,-0.1016,0.0453,-0.0628,0.8444,0.1233,Financials,Insurance
LDOS,Leidos Holdings Inc,$11B (Mid),11000000000,Mid,78.06,S&P 500,0.0120,-0.2579,-0.3123,-0.2249,-0.2230,-0.1546,0.3513,Industrials,Professional Services
LEN,Lennar Corp,$31B (Mid),31000000000,Mid,107.12,S&P 500,0.0260,0.1836,0.0875,0.0092,0.4076,1.2707,1.1035,Consumer Discretionary,Household Durables
LH,Laboratory Corporation of America Holdings,$19B (Mid),19000000000,Mid,212.53,S&P 500,0.0180,-0.0975,-0.1783,0.0095,-0.1148,0.3526,0.2588,Health Care,Health Care Providers & Services
LHX,L3Harris Technologies Inc,$33B (Mid),33000000000,Mid,175.92,S&P 500,0.0100,-0.1551,-0.2268,-0.1015,-0.2350,-0.0148,0.2703,Industrials,Aerospace & Defense
LIN,Linde PLC,$173B (Large),1.73E+11,Large,353.66,S&P 500,0.0070,0.0842,-0.0066,0.1075,0.1500,1.0602,1.5201,Materials,Chemicals
LKQ,LKQ Corp,$14B (Mid),14000000000,Mid,52.75,S&P 500,0.0120,-0.0124,-0.0973,0.0205,0.0761,1.2027,0.8054,Consumer Discretionary,Distributors
LLY,Eli Lilly and Co,$408B (Large),4.08E+11,Large,429.46,S&P 500,0.0060,0.1739,0.0662,0.2392,0.4981,1.9210,4.9359,Health Care,Pharmaceuticals
LMT,Lockheed Martin Corp,$113B (Large),1.13E+11,Large,444.01,S&P 500,0.0080,-0.0873,-0.1593,-0.0276,0.0665,0.2669,0.6583,Industrials,Aerospace & Defense
LNC,Lincoln National Corp,$4B (Small),4000000000,Small,20.92,S&P 500,0.0430,-0.3190,-0.3557,-0.2331,-0.6254,-0.2486,-0.6329,Financials,Insurance
LNT,Alliant Energy Corp,$13B (Mid),13000000000,Mid,51.46,S&P 500,0.0170,-0.0679,-0.1565,0.0179,-0.0892,0.1814,0.3832,Utilities,Electric Utilities
LOW,Lowe's Companies Inc,$119B (Large),1.19E+11,Large,201.13,S&P 500,0.0160,0.0095,-0.0574,0.0662,0.0343,1.0702,1.7119,Consumer Discretionary,Specialty Retail
LRCX,Lam Research Corp,$83B (Large),83000000000,Large,616.70,S&P 500,0.0210,0.4673,0.3684,-0.0871,0.3336,1.7821,2.5972,Information Technology,Semiconductors & Semiconductor Equipment
LUV,Southwest Airlines Co,$18B (Mid),18000000000,Mid,29.87,S&P 500,0.0290,-0.1129,-0.1920,-0.1987,-0.3528,0.0303,-0.4161,Industrials,Passenger Airlines
LVS,Las Vegas Sands Corp,$42B (Large),42000000000,Large,55.13,S&P 500,0.0170,0.1469,0.0452,0.0233,0.4999,0.2065,-0.1828,Consumer Discretionary,"Hotels, Restaurants & Leisure"
LW,Lamb Weston Holdings Inc,$16B (Mid),16000000000,Mid,111.20,S&P 500,0.0170,0.2444,0.1165,0.2519,0.6839,0.9559,0.7954,Consumer Staples,Food Products
LYB,LyondellBasell Industries NV,$28B (Mid),28000000000,Mid,85.54,S&P 500,0.0210,0.0302,-0.0465,0.0638,-0.1035,0.9325,0.1276,Materials,Chemicals
LYV,Live Nation Entertainment Inc,$18B (Mid),18000000000,Mid,79.94,S&P 500,0.0530,0.1463,0.0503,0.0053,-0.2347,0.9487,1.0184,Communication Services,Entertainment
MA,Mastercard Inc,$346B (Large),3.46E+11,Large,365.02,S&P 500,0.0060,0.0497,-0.0351,0.0576,0.0301,0.3901,1.0952,Financials,Financial Services
MAA,Mid-America Apartment Communities Inc,$17B (Mid),17000000000,Mid,147.06,S&P 500,0.0230,-0.0633,-0.1444,--,-0.1978,0.4648,0.8601,Real Estate,Residential REITs
MAR,Marriott International Inc,$51B (Large),51000000000,Large,167.79,S&P 500,0.0180,0.1269,0.0368,0.0141,-0.0397,1.0184,0.2784,Consumer Discretionary,"Hotels, Restaurants & Leisure"
MAS,Masco Corp,$11B (Mid),11000000000,Mid,48.32,S&P 500,0.0320,0.0354,-0.0221,-0.0057,-0.0290,0.3146,0.4024,Industrials,Building Products
MCD,McDonald's Corp,$208B (Large),2.08E+11,Large,285.11,S&P 500,0.0100,0.0819,-0.0129,-0.0404,0.1813,0.6712,0.9611,Consumer Discretionary,"Hotels, Restaurants & Leisure"
MCHP,Microchip Technology Inc,$41B (Mid),41000000000,Mid,75.26,S&P 500,0.0320,0.0713,-0.0013,-0.4920,0.1576,0.9766,0.9589,Information Technology,Semiconductors & Semiconductor Equipment
MCK,Mckesson Corp,$53B (Large),53000000000,Large,390.84,S&P 500,0.0130,0.0419,-0.0648,0.1339,0.2598,1.9230,1.6132,Health Care,Health Care Providers & Services
MCO,Moody's Corp,$58B (Large),58000000000,Large,316.88,S&P 500,0.0140,0.1373,0.0274,0.1751,0.0540,0.3333,1.0045,Financials,Capital Markets
MDLZ,Mondelez International Inc,$100B (Large),1E+11,Large,73.41,S&P 500,0.0110,0.1014,-0.0087,0.1148,0.1616,0.5268,1.0751,Consumer Staples,Food Products
MDT,Medtronic PLC,$110B (Large),1.1E+11,Large,82.76,S&P 500,0.0080,0.0648,-0.0309,0.0199,-0.1733,-0.0630,0.1493,Health Care,Health Care Equipment & Supplies
MET,MetLife Inc,$38B (Mid),38000000000,Mid,49.55,S&P 500,0.0140,-0.3153,-0.3484,-0.2251,-0.1881,0.6731,0.3214,Financials,Insurance
META,Meta Platforms Inc,$678B (Large),6.78E+11,Large,264.72,S&P 500,0.0110,1.1998,0.9916,0.6241,0.2434,0.2979,0.5100,Communication Services,Interactive Media & Services
MGM,MGM Resorts International,$14B (Mid),14000000000,Mid,39.29,S&P 500,0.0200,0.1718,0.0793,0.0607,-0.0553,1.6431,0.3130,Consumer Discretionary,"Hotels, Restaurants & Leisure"
MHK,Mohawk Industries Inc,$6B (Small),6000000000,Small,92.04,S&P 500,0.0180,-0.0996,-0.1510,-0.2520,-0.3478,0.1401,-0.5596,Consumer Discretionary,Household Durables
MKC,McCormick & Company Inc,$22B (Mid),22000000000,Mid,85.73,S&P 500,0.0330,0.0343,-0.0592,0.0595,-0.1112,0.1614,0.7665,Consumer Staples,Food Products
MKTX,Marketaxess Holdings Inc,$10B (Mid),10000000000,Mid,272.41,S&P 500,0.0310,-0.0232,-0.0869,0.0499,0.0804,-0.3651,0.4385,Financials,Capital Markets
MLM,Martin Marietta Materials Inc,$25B (Mid),25000000000,Mid,398.04,S&P 500,0.0100,0.1777,0.0757,0.0218,0.1289,1.1836,1.1263,Materials,Construction Materials
MMC,Marsh & McLennan Companies Inc,$86B (Large),86000000000,Large,173.18,S&P 500,0.0080,0.0465,-0.0383,0.1146,0.1198,0.8764,1.3219,Financials,Insurance
MMM,3M Co,$51B (Large),51000000000,Large,93.31,S&P 500,0.0220,-0.2219,-0.2687,-0.2539,-0.3008,-0.2649,-0.4038,Industrials,Industrial Conglomerates
MNST,Monster Beverage Corp,$61B (Large),61000000000,Large,58.62,S&P 500,0.0100,0.1547,0.0386,0.1516,0.3628,0.9405,1.0924,Consumer Staples,Beverages
MO,Altria Group Inc,$79B (Large),79000000000,Large,44.42,S&P 500,0.0090,-0.0282,-0.1148,0.0506,-0.1306,0.4766,0.1421,Consumer Staples,Tobacco
MOH,Molina Healthcare Inc,$16B (Mid),16000000000,Mid,273.90,S&P 500,0.0310,-0.1706,-0.2539,-0.0732,-0.1194,0.5576,2.2746,Health Care,Health Care Providers & Services
MOS,Mosaic Co,$11B (Mid),11000000000,Mid,31.96,S&P 500,0.0280,-0.2715,-0.3023,-0.2204,-0.4564,2.1015,0.3060,Materials,Chemicals
MPC,Marathon Petroleum Corp,$45B (Large),45000000000,Large,104.91,S&P 500,0.0290,-0.0986,-0.1545,0.0332,0.2476,3.1746,0.7902,Energy,"Oil, Gas & Consumable Fuels"
MPWR,Monolithic Power Systems Inc,$23B (Mid),23000000000,Mid,489.91,S&P 500,0.0430,0.3855,0.3296,-0.1296,0.2636,1.7821,3.5085,Information Technology,Semiconductors & Semiconductor Equipment
MRK,Merck & Co Inc,$280B (Large),2.8E+11,Large,110.41,S&P 500,0.0080,-0.0049,-0.1017,0.0553,0.2831,0.6247,1.3031,Health Care,Pharmaceuticals
MRNA,Moderna Inc,$49B (Large),49000000000,Large,127.71,S&P 500,0.0480,-0.2890,-0.3449,-0.1687,-0.0928,1.6891,--,Health Care,Biotechnology
MRO,Marathon Oil Corp,$14B (Mid),14000000000,Mid,22.16,S&P 500,0.0260,-0.1814,-0.2297,-0.0492,-0.0687,3.3241,0.3423,Energy,"Oil, Gas & Consumable Fuels"
MS,Morgan Stanley,$137B (Large),1.37E+11,Large,81.76,S&P 500,0.0120,-0.0383,-0.1042,0.0309,0.0549,1.3749,0.8629,Financials,Capital Markets
MSCI,MSCI Inc,$38B (Mid),38000000000,Mid,470.53,S&P 500,0.0090,0.0115,-0.0748,0.0632,0.1272,0.5153,2.2943,Financials,Capital Markets
MSFT,Microsoft Corp,$2T (Large),2E+12,Large,328.39,S&P 500,0.0060,0.3693,0.2609,0.0342,0.1783,0.9554,2.7022,Information Technology,Software
MSI,Motorola Solutions Inc,$47B (Large),47000000000,Large,281.92,S&P 500,0.0070,0.0939,0.0098,0.0230,0.3456,1.1449,1.8345,Information Technology,Communications Equipment
MTB,M&T Bank Corp,$20B (Mid),20000000000,Mid,119.16,S&P 500,0.0300,-0.1785,-0.2118,0.0146,-0.2338,0.2848,-0.2084,Financials,Banks
MTCH,Match Group Inc,$10B (Mid),10000000000,Mid,34.50,S&P 500,0.0520,-0.1685,-0.2323,-0.7165,-0.5676,--,--,Communication Services,Interactive Media & Services
MTD,Mettler-Toledo International Inc,$29B (Mid),29000000000,Mid,1321.87,S&P 500,0.0170,-0.0855,-0.1696,-0.0045,0.0168,0.9077,1.3178,Health Care,Life Sciences Tools & Services
MU,Micron Technology Inc,$75B (Large),75000000000,Large,68.20,S&P 500,0.0240,0.3645,0.3095,-0.1515,0.0240,0.6105,0.5509,Information Technology,Semiconductors & Semiconductor Equipment
NCLH,Norwegian Cruise Line Holdings Ltd,$6B (Small),6000000000,Small,14.85,S&P 500,0.1020,0.2132,0.1054,0.0893,-0.2538,0.0708,-0.7248,Consumer Discretionary,"Hotels, Restaurants & Leisure"
NDAQ,Nasdaq Inc,$27B (Mid),27000000000,Mid,55.35,S&P 500,0.0090,-0.0978,-0.1823,-0.0546,0.0668,0.6106,1.0054,Financials,Capital Markets
NDSN,Nordson Corp,$12B (Mid),12000000000,Mid,217.93,S&P 500,0.0210,-0.0832,-0.1524,-0.0402,0.0284,0.4413,0.8219,Industrials,Machinery
NEE,Nextera Energy Inc,$149B (Large),1.49E+11,Large,73.46,S&P 500,0.0070,-0.1213,-0.2062,-0.0365,0.0703,0.3716,1.0032,Utilities,Electric Utilities
NEM,Newmont Corporation,$32B (Mid),32000000000,Mid,40.55,S&P 500,0.0220,-0.1409,-0.2186,-0.0849,-0.4170,-0.2672,0.2044,Materials,Metals & Mining
NFLX,Netflix Inc,$176B (Large),1.76E+11,Large,395.23,S&P 500,0.0220,0.3403,0.2167,0.1875,0.9702,-0.0537,0.2543,Communication Services,Entertainment
NI,NiSource Inc,$11B (Mid),11000000000,Mid,26.89,S&P 500,0.0170,-0.0193,-0.1143,0.0567,-0.0407,0.2072,0.2777,Utilities,Multi-Utilities
NKE,Nike Inc,$162B (Large),1.62E+11,Large,105.26,S&P 500,0.0090,-0.1004,-0.1689,-0.0225,-0.1456,0.2803,0.6431,Consumer Discretionary,"Textiles, Apparel & Luxury Goods"
NOC,NORTHROP GRUMMAN CORP,$66B (Large),66000000000,Large,435.49,S&P 500,0.0090,-0.2018,-0.2668,-0.1453,0.0176,0.4086,0.5527,Industrials,Aerospace & Defense
NOW,ServiceNow Inc,$111B (Large),1.11E+11,Large,544.78,S&P 500,0.0180,0.4031,0.2912,0.0674,0.1334,0.6174,2.3196,Information Technology,Software
NRG,NRG Energy Inc,$8B (Mid),8000000000,Mid,33.79,S&P 500,0.0840,0.0619,-0.0231,0.1640,-0.0383,0.1519,0.2662,Utilities,Electric Utilities
NSC,Norfolk Southern Corp,$47B (Large),47000000000,Large,208.18,S&P 500,0.0120,-0.1552,-0.2176,-0.1214,-0.1542,0.3162,0.6391,Industrials,Ground Transportation
NTAP,NetApp Inc,$14B (Mid),14000000000,Mid,66.35,S&P 500,0.0350,0.1047,0.0504,--,-0.0364,0.8238,0.1828,Information Technology,"Technology Hardware, Storage & Peripherals"
NTRS,Northern Trust Corp,$15B (Mid),15000000000,Mid,71.92,S&P 500,0.0190,-0.1873,-0.2450,-0.1233,-0.2774,0.0573,-0.2061,Financials,Capital Markets
NUE,Nucor Corp,$33B (Mid),33000000000,Mid,132.06,S&P 500,0.0230,0.0019,-0.0787,0.0683,-0.0984,2.4589,1.4973,Materials,Metals & Mining
NVDA,NVIDIA Corp,$934B (Large),9.34E+11,Large,378.34,S&P 500,0.0120,1.5889,1.5058,1.1588,1.0554,4.6910,6.1324,Information Technology,Semiconductors & Semiconductor Equipment
NVR,NVR Inc,$18B (Mid),18000000000,Mid,5554.22,S&P 500,0.0210,0.2041,0.1126,0.0367,0.2681,0.8510,0.7945,Consumer Discretionary,Household Durables
NWL,Newell Brands Inc,$3B (Small),3000000000,Small,8.31,S&P 500,0.0690,-0.3647,-0.3851,-0.5084,-0.5810,-0.1643,-0.5807,Consumer Discretionary,Household Durables
NWS,News Corp,-- ,#VALUE!,,18.48,S&P 500,0.0120,0.0022,--,-0.0347,-0.0572,1.0138,0.2446,Communication Services,Media
NWSA,News Corp,$7B (Small),7000000000,Small,18.31,S&P 500,0.0290,0.0060,-0.0579,-0.0289,-0.0599,1.0462,0.2510,Communication Services,Media
NXPI,NXP Semiconductors NV,$47B (Large),47000000000,Large,179.10,S&P 500,0.0240,0.1333,0.0519,-0.4338,0.0506,0.9961,0.8733,Information Technology,Semiconductors & Semiconductor Equipment
O,Realty Income Corp,$40B (Mid),40000000000,Mid,59.44,S&P 500,0.0370,-0.0629,-0.1519,--,-0.0843,0.3426,0.4757,Real Estate,Retail REITs
ODFL,Old Dominion Freight Line Inc,$34B (Mid),34000000000,Mid,310.44,S&P 500,0.0450,0.0939,0.0217,0.1407,0.1391,1.1831,2.6847,Industrials,Ground Transportation
OGN,Organon & Co,$5B (Small),5000000000,Small,19.39,S&P 500,0.0270,-0.3058,-0.3701,-0.2387,-0.3668,--,--,Health Care,Pharmaceuticals
OKE,ONEOK Inc,$25B (Mid),25000000000,Mid,56.66,S&P 500,0.0180,-0.1376,-0.2028,-0.0197,-0.0463,1.5753,0.3444,Energy,"Oil, Gas & Consumable Fuels"
OMC,Omnicom Group Inc,$18B (Mid),18000000000,Mid,88.19,S&P 500,0.0540,0.0812,0.0115,0.0471,0.2213,0.8176,0.4653,Communication Services,Media
ON,ON Semiconductor Corp,$36B (Mid),36000000000,Mid,83.60,S&P 500,0.0580,0.3404,0.2291,-0.2396,0.5097,4.5536,2.7893,Information Technology,Semiconductors & Semiconductor Equipment
ORCL,Oracle Corp,$286B (Large),2.86E+11,Large,105.94,S&P 500,0.0050,0.2961,0.1744,-0.0604,0.4460,1.1316,1.4856,Information Technology,Software
ORLY,O'Reilly Automotive Inc,$55B (Large),55000000000,Large,903.31,S&P 500,0.0150,0.0702,0.0039,0.1334,0.5198,1.4659,2.5866,Consumer Discretionary,Specialty Retail
OTIS,Otis Worldwide Corp,$33B (Mid),33000000000,Mid,79.51,S&P 500,0.0100,0.0153,-0.0530,0.0686,0.1347,0.7067,--,Industrials,Machinery
OXY,Occidental Petroleum Corp,$52B (Large),52000000000,Large,57.66,S&P 500,0.0530,-0.0846,-0.1508,0.0372,0.0139,2.9014,-0.1189,Energy,"Oil, Gas & Consumable Fuels"
PARA,Paramount Global,$9B (Mid),9000000000,Mid,15.21,S&P 500,0.1450,-0.0989,-0.1422,-0.1212,-0.4523,0.0642,-0.6316,Communication Services,Media
PAYC,Paycom Software Inc,$16B (Mid),16000000000,Mid,280.13,S&P 500,0.0260,-0.0973,-0.1767,-0.0765,-0.0428,0.1595,1.4886,Industrials,Professional Services
PAYX,Paychex Inc,$38B (Mid),38000000000,Mid,104.93,S&P 500,0.0270,-0.0920,-0.1520,-0.0494,-0.1295,0.7661,1.0459,Industrials,Professional Services
PCAR,Paccar Inc,$36B (Mid),36000000000,Mid,68.78,S&P 500,0.0160,0.0424,-0.0154,0.1099,0.3300,0.7296,1.0515,Industrials,Machinery
PCG,PG&E Corp,$42B (Large),42000000000,Large,16.94,S&P 500,0.0210,0.0418,-0.0651,0.1179,0.3162,0.6420,-0.6402,Utilities,Electric Utilities
PEAK,Healthpeak Properties Inc,$11B (Mid),11000000000,Mid,19.96,S&P 500,0.0190,-0.2038,-0.2746,--,-0.3444,-0.0846,0.0737,Real Estate,Health Care REITs
PEG,Public Service Enterprise Group Inc,$30B (Mid),30000000000,Mid,59.75,S&P 500,0.0110,-0.0248,-0.1139,0.0573,-0.1058,0.3347,0.3585,Utilities,Multi-Utilities
PEP,PepsiCo Inc,$251B (Large),2.51E+11,Large,182.35,S&P 500,0.0090,0.0094,-0.0822,0.0193,0.1117,0.5177,1.1183,Consumer Staples,Beverages
PFE,Pfizer Inc,$215B (Large),2.15E+11,Large,38.02,S&P 500,0.0080,-0.2580,-0.3406,-0.2064,-0.1997,0.1704,0.3381,Health Care,Pharmaceuticals
PFG,Principal Financial Group Inc,$16B (Mid),16000000000,Mid,65.46,S&P 500,0.0260,-0.2200,-0.2555,-0.1234,0.0288,1.1952,0.4356,Financials,Insurance
PG,Procter & Gamble Co,$336B (Large),3.36E+11,Large,142.50,S&P 500,0.0060,-0.0598,-0.1375,-0.0189,-0.0721,0.3194,1.2701,Consumer Staples,Household Products
PGR,Progressive Corp,$75B (Large),75000000000,Large,127.91,S&P 500,0.0060,-0.0139,-0.0986,0.0486,0.1644,0.8081,1.4536,Financials,Insurance
PH,Parker-Hannifin Corp,$41B (Mid),41000000000,Mid,320.44,S&P 500,0.0130,0.1012,0.0361,0.1662,0.2370,1.2743,1.1513,Industrials,Machinery
PHM,Pultegroup Inc,$15B (Mid),15000000000,Mid,66.08,S&P 500,0.0410,0.4514,0.3373,0.2828,0.5929,1.5409,1.3040,Consumer Discretionary,Household Durables
PKG,Packaging Corp of America,$11B (Mid),11000000000,Mid,124.03,S&P 500,0.0300,-0.0303,-0.0979,--,-0.1792,0.4695,0.2734,Materials,Containers & Packaging
PLD,Prologis Inc,$115B (Large),1.15E+11,Large,124.55,S&P 500,0.0130,0.1049,0.0067,--,-0.1656,0.5353,1.1685,Real Estate,Industrial REITs
PM,Philip Morris International Inc,$140B (Large),1.4E+11,Large,90.01,S&P 500,0.0050,-0.1107,-0.1863,-0.0277,-0.0353,0.4492,0.4729,Consumer Staples,Tobacco
PNC,PNC Financial Services Group Inc,$46B (Large),46000000000,Large,115.83,S&P 500,0.0210,-0.2666,-0.3130,-0.0962,-0.2612,0.2787,-0.0332,Financials,Banks
PNR,Pentair PLC,$9B (Mid),9000000000,Mid,55.47,S&P 500,0.0260,0.2332,0.1606,0.3026,0.1291,0.7901,0.3858,Industrials,Machinery
PNW,Pinnacle West Capital Corp,$9B (Mid),9000000000,Mid,77.28,S&P 500,0.0310,0.0163,-0.0802,0.1015,0.1272,0.1814,0.1718,Utilities,Electric Utilities
PODD,Insulet Corp,$19B (Mid),19000000000,Mid,274.25,S&P 500,0.0460,-0.0684,-0.1547,-0.1157,0.1028,0.3986,2.1302,Health Care,Health Care Equipment & Supplies
POOL,Pool Corp,$12B (Mid),12000000000,Mid,316.23,S&P 500,0.1040,0.0460,-0.0253,0.0994,-0.2052,0.5388,1.4622,Consumer Discretionary,Distributors
PPG,PPG Industries Inc,$31B (Mid),31000000000,Mid,131.29,S&P 500,0.0080,0.0441,-0.0245,0.0879,0.0506,0.6155,0.3759,Materials,Chemicals
PPL,PPL Corp,$19B (Mid),19000000000,Mid,26.20,S&P 500,0.0170,-0.1034,-0.1848,-0.0132,-0.0406,0.2078,0.1605,Utilities,Electric Utilities
PRU,Prudential Financial Inc,$29B (Mid),29000000000,Mid,78.69,S&P 500,0.0180,-0.2088,-0.2548,-0.1226,-0.2027,0.6163,-0.0142,Financials,Insurance
PSA,Public Storage,$50B (Large),50000000000,Large,283.30,S&P 500,0.0240,0.0111,-0.0587,--,-0.1398,0.7855,0.7319,Real Estate,Specialized REITs
PSX,Phillips 66,$42B (Large),42000000000,Large,91.61,S&P 500,0.0210,-0.1198,-0.1790,0.0063,0.1043,0.6388,0.0399,Energy,"Oil, Gas & Consumable Fuels"
PTC,PTC Inc,$16B (Mid),16000000000,Mid,134.40,S&P 500,0.0110,0.1196,0.0092,-0.2415,0.1551,0.9989,0.6020,Information Technology,Software
PWR,Quanta Services Inc,$26B (Mid),26000000000,Mid,177.58,S&P 500,0.0290,0.2462,0.1607,0.1802,0.5621,4.2237,4.6085,Industrials,Construction & Engineering
PXD,Pioneer Natural Resources Co,$47B (Large),47000000000,Large,199.44,S&P 500,0.0170,-0.1268,-0.1753,0.0103,-0.0212,1.9997,0.2729,Energy,"Oil, Gas & Consumable Fuels"
PYPL,PayPal Holdings Inc,$69B (Large),69000000000,Large,61.99,S&P 500,0.0170,-0.1296,-0.2046,-0.1280,-0.3221,-0.4855,-0.1706,Financials,Financial Services
QCOM,Qualcomm Inc,$126B (Large),1.26E+11,Large,113.41,S&P 500,0.0090,0.0316,-0.0367,-0.5308,-0.1827,0.6334,1.6191,Information Technology,Semiconductors & Semiconductor Equipment
QRVO,Qorvo Inc,$10B (Mid),10000000000,Mid,97.26,S&P 500,0.0230,0.0730,0.0000,-0.4906,-0.1696,0.0658,0.3827,Information Technology,Semiconductors & Semiconductor Equipment
RCL,Royal Caribbean Cruises Ltd,$21B (Mid),21000000000,Mid,80.97,S&P 500,0.0730,0.6381,0.4824,0.5022,0.0240,0.9686,-0.2281,Consumer Discretionary,"Hotels, Restaurants & Leisure"
RE,Everest Re Group Ltd,$15B (Mid),15000000000,Mid,340.02,S&P 500,0.0090,0.0264,-0.0315,0.1220,0.3007,1.3006,0.7106,Financials,Insurance
REG,Regency Centers Corp,$10B (Mid),10000000000,Mid,56.27,S&P 500,0.0180,-0.0997,-0.1852,--,-0.1328,0.5544,0.1537,Real Estate,Retail REITs
REGN,Regeneron Pharmaceuticals Inc,$81B (Large),81000000000,Large,735.56,S&P 500,0.0110,0.0195,-0.0780,0.1236,0.1175,0.3865,1.4188,Health Care,Biotechnology
RF,Regions Financial Corp,$16B (Mid),16000000000,Mid,17.27,S&P 500,0.0300,-0.1990,-0.2424,-0.0189,-0.1196,0.9619,0.1418,Financials,Banks
RHI,Robert Half International Inc,$7B (Small),7000000000,Small,65.02,S&P 500,0.0730,-0.1193,-0.1743,-0.0739,-0.2984,0.6087,0.2224,Industrials,Professional Services
RJF,Raymond James Financial Inc,$19B (Mid),19000000000,Mid,90.35,S&P 500,0.0210,-0.1544,-0.1963,-0.0699,-0.0293,1.3378,0.6979,Financials,Capital Markets
RL,Ralph Lauren Corp,$7B (Small),7000000000,Small,106.31,S&P 500,0.0890,0.0061,-0.0555,0.1017,0.0563,0.5791,0.1342,Consumer Discretionary,"Textiles, Apparel & Luxury Goods"
RMD,Resmed Inc,$31B (Mid),31000000000,Mid,210.79,S&P 500,0.0070,0.0128,-0.0789,-0.0327,0.0616,0.3534,1.3220,Health Care,Health Care Equipment & Supplies
ROK,Rockwell Automation Inc,$32B (Mid),32000000000,Mid,278.60,S&P 500,0.0260,0.0816,0.0165,0.0698,0.1736,0.6565,0.8964,Industrials,Electrical Equipment
ROL,Rollins Inc,$19B (Mid),19000000000,Mid,39.32,S&P 500,0.0180,0.0761,-0.0151,-0.0125,0.2059,0.5339,0.9342,Industrials,Commercial Services & Supplies
ROP,Roper Technologies Inc,$48B (Large),48000000000,Large,454.22,S&P 500,0.0070,0.0512,-0.0455,-0.3014,-0.0102,0.3534,0.7551,Information Technology,Software
ROST,Ross Stores Inc,$35B (Mid),35000000000,Mid,103.62,S&P 500,0.0170,-0.1073,-0.1878,-0.0766,0.0326,0.1918,0.3636,Consumer Discretionary,Specialty Retail
RSG,Republic Services Inc,$45B (Large),45000000000,Large,141.63,S&P 500,0.0070,0.0980,0.0050,0.0096,0.1000,0.9301,1.3919,Industrials,Commercial Services & Supplies
RTX,Raytheon Technologies Corp,$135B (Large),1.35E+11,Large,92.14,S&P 500,0.0060,-0.0870,-0.1603,-0.0287,0.0144,0.6491,0.5005,Industrials,Aerospace & Defense
RVTY,Revvity Inc,$14B (Mid),14000000000,Mid,115.32,S&P 500,0.0280,-0.1776,-0.2433,-0.0852,-0.2125,0.3123,0.6242,Health Care,Life Sciences Tools & Services
SBAC,SBA Communications Corp,$24B (Mid),24000000000,Mid,221.78,S&P 500,0.0120,-0.2088,-0.2775,--,-0.3342,-0.2040,0.4558,Real Estate,Specialized REITs
SBUX,Starbucks Corp,$112B (Large),1.12E+11,Large,97.64,S&P 500,0.0120,-0.0157,-0.1004,-0.1361,0.3343,0.4145,0.8703,Consumer Discretionary,"Hotels, Restaurants & Leisure"
SCHW,Charles Schwab Corp,$96B (Large),96000000000,Large,52.69,S&P 500,0.0150,-0.3672,-0.4096,-0.3036,-0.1931,0.5441,0.0396,Financials,Capital Markets
SEDG,Solaredge Technologies Inc,$16B (Mid),16000000000,Mid,284.83,S&P 500,0.0510,0.0055,-0.0467,-0.5417,0.1586,1.8181,4.6287,Information Technology,Semiconductors & Semiconductor Equipment
SEE,Sealed Air Corp,$5B (Small),5000000000,Small,37.85,S&P 500,0.0150,-0.2412,-0.2721,--,-0.3727,0.4726,-0.0309,Materials,Containers & Packaging
SHW,Sherwin-Williams Co,$59B (Large),59000000000,Large,227.78,S&P 500,0.0100,-0.0402,-0.1212,-0.0181,-0.1393,0.3401,0.9219,Materials,Chemicals
SJM,J M Smucker Co,$16B (Mid),16000000000,Mid,146.59,S&P 500,0.0340,-0.0749,-0.1628,-0.0540,0.1149,0.3828,0.4763,Consumer Staples,Food Products
SLB,Schlumberger NV,$61B (Large),61000000000,Large,42.83,S&P 500,0.0150,-0.1988,-0.2433,0.0072,0.1517,1.9761,-0.2458,Energy,Energy Equipment & Services
SNA,Snap-On Inc,$13B (Mid),13000000000,Mid,248.86,S&P 500,0.0440,0.0892,0.0255,0.1546,0.2378,1.2528,1.0198,Industrials,Machinery
SNPS,Synopsys Inc,$69B (Large),69000000000,Large,454.96,S&P 500,0.0090,0.4249,0.3291,0.1090,0.5989,2.1063,4.4006,Information Technology,Software
SO,Southern Co,$76B (Large),76000000000,Large,69.75,S&P 500,0.0160,-0.0232,-0.1072,0.0718,0.0011,0.4665,0.9114,Utilities,Electric Utilities
SPG,Simon Property Group Inc,$34B (Mid),34000000000,Mid,105.15,S&P 500,0.0190,-0.1050,-0.1956,--,-0.0571,0.9468,-0.1484,Real Estate,Retail REITs
SPGI,S&P Global Inc,$118B (Large),1.18E+11,Large,367.43,S&P 500,0.0150,0.0970,-0.0069,0.1375,0.0041,0.3097,1.0113,Financials,Capital Markets
SRE,Sempra,$45B (Large),45000000000,Large,143.53,S&P 500,0.0090,-0.0712,-0.1507,0.0169,-0.0720,0.3210,0.5101,Utilities,Multi-Utilities
STE,STERIS plc,$20B (Mid),20000000000,Mid,199.97,S&P 500,0.0210,0.0827,-0.0136,0.0388,-0.1007,0.4495,1.2011,Health Care,Health Care Equipment & Supplies
STLD,Steel Dynamics Inc,$16B (Mid),16000000000,Mid,91.90,S&P 500,0.0400,-0.0594,-0.1307,0.0114,0.1315,3.0642,1.3805,Materials,Metals & Mining
STT,State Street Corp,$23B (Mid),23000000000,Mid,68.02,S&P 500,0.0140,-0.1231,-0.1840,-0.0565,0.0477,0.2859,-0.1816,Financials,Capital Markets
STX,Seagate Technology Holdings PLC,$12B (Mid),12000000000,Mid,60.10,S&P 500,0.0460,0.1424,0.0586,--,-0.2251,0.4440,0.4148,Information Technology,"Technology Hardware, Storage & Peripherals"
STZ,Constellation Brands Inc,$45B (Large),45000000000,Large,242.97,S&P 500,0.0150,0.0484,-0.0661,0.0370,-0.0115,0.5381,0.1148,Consumer Staples,Beverages
SWK,Stanley Black & Decker Inc,$11B (Mid),11000000000,Mid,74.97,S&P 500,0.0540,-0.0020,-0.0584,0.0628,-0.3464,-0.2204,-0.3863,Industrials,Machinery
SWKS,Skyworks Solutions Inc,$16B (Mid),16000000000,Mid,103.51,S&P 500,0.0260,0.1358,0.0516,-0.4340,-0.0875,0.1245,0.2687,Information Technology,Semiconductors & Semiconductor Equipment
SYF,Synchrony Financial,$13B (Mid),13000000000,Mid,30.96,S&P 500,0.0350,-0.0578,-0.1323,-0.1138,-0.1402,0.8218,0.0850,Financials,Consumer Finance
SYK,Stryker Corp,$105B (Large),1.05E+11,Large,275.58,S&P 500,0.0080,0.1272,0.0138,0.0688,0.1603,0.5550,0.7008,Health Care,Health Care Equipment & Supplies
SYY,Sysco Corp,$35B (Mid),35000000000,Mid,69.95,S&P 500,0.0190,-0.0850,-0.1698,-0.1049,-0.1628,0.4211,0.2480,Consumer Staples,Consumer Staples Distribution & Retail
T,AT&T Inc,$112B (Large),1.12E+11,Large,15.73,S&P 500,0.0120,-0.1456,-0.2244,-0.0161,-0.1322,-0.1533,-0.1211,Communication Services,Diversified Telecommunication Services
TAP,Molson Coors Beverage Co,$12B (Mid),12000000000,Mid,61.85,S&P 500,0.0360,0.2005,0.0703,0.1864,0.1447,0.6339,-0.0512,Consumer Staples,Beverages
TDG,TransDigm Group Inc,$42B (Large),42000000000,Large,773.65,S&P 500,0.0220,0.2287,0.1316,0.2911,0.3314,1.2969,1.8593,Industrials,Aerospace & Defense
TDY,Teledyne Technologies Inc,$18B (Mid),18000000000,Mid,388.65,S&P 500,0.0110,-0.0282,-0.0948,-0.0853,-0.0745,0.2398,1.1950,Information Technology,"Electronic Equipment, Instruments & Components"
TECH,Bio-Techne Corp,$13B (Mid),13000000000,Mid,81.79,S&P 500,0.0190,-0.0132,-0.0837,0.0896,-0.1261,0.4800,1.2644,Health Care,Life Sciences Tools & Services
TEL,TE Connectivity Ltd,$39B (Mid),39000000000,Mid,122.48,S&P 500,0.0110,0.0669,-0.0209,-0.0044,0.0009,0.8431,0.4763,Information Technology,"Electronic Equipment, Instruments & Components"
TER,Teradyne Inc,$16B (Mid),16000000000,Mid,100.19,S&P 500,0.0230,0.1470,0.0736,-0.4100,-0.0485,0.7993,2.1560,Information Technology,Semiconductors & Semiconductor Equipment
TFC,Truist Financial Corp,$41B (Mid),41000000000,Mid,30.47,S&P 500,0.0220,-0.2919,-0.3404,-0.1262,-0.3243,0.0045,-0.2839,Financials,Banks
TFX,Teleflex Inc,$11B (Mid),11000000000,Mid,234.75,S&P 500,0.0360,-0.0596,-0.1513,-0.1120,-0.1729,-0.2852,-0.1210,Health Care,Health Care Equipment & Supplies
TGT,Target Corp,$60B (Large),60000000000,Large,130.93,S&P 500,0.0210,-0.1215,-0.1801,-0.1162,-0.4000,0.3156,1.1309,Consumer Staples,Consumer Staples Distribution & Retail
TJX,TJX Companies Inc,$88B (Large),88000000000,Large,76.79,S&P 500,0.0060,-0.0353,-0.1196,-0.0019,0.2596,0.6567,0.9758,Consumer Discretionary,Specialty Retail
TMO,Thermo Fisher Scientific Inc,$196B (Large),1.96E+11,Large,508.46,S&P 500,0.0080,-0.0767,-0.1475,0.0197,-0.0552,0.5693,1.4700,Health Care,Life Sciences Tools & Services
TMUS,T-Mobile US Inc,$165B (Large),1.65E+11,Large,137.25,S&P 500,0.0240,-0.0196,-0.1189,0.0010,0.0690,0.5704,1.2778,Communication Services,Wireless Telecommunication Services
TPR,Tapestry Inc,$9B (Mid),9000000000,Mid,40.02,S&P 500,0.0430,0.0509,-0.0271,0.1328,0.2461,1.8139,-0.0193,Consumer Discretionary,"Textiles, Apparel & Luxury Goods"
TRGP,Targa Resources Corp,$15B (Mid),15000000000,Mid,68.05,S&P 500,0.0150,-0.0741,-0.1493,0.0389,-0.0573,5.1261,0.8145,Energy,"Oil, Gas & Consumable Fuels"
TRMB,Trimble Inc,$12B (Mid),12000000000,Mid,46.67,S&P 500,0.0090,-0.0769,-0.1430,-0.1382,-0.2940,0.4443,0.3717,Information Technology,"Electronic Equipment, Instruments & Components"
TROW,T Rowe Price Group Inc,$24B (Mid),24000000000,Mid,107.16,S&P 500,0.0830,-0.0174,-0.0898,0.0467,-0.0937,0.0998,0.1552,Financials,Capital Markets
TRV,Travelers Companies Inc,$39B (Mid),39000000000,Mid,169.24,S&P 500,0.0130,-0.0973,-0.1562,-0.0145,0.0406,0.9336,0.4855,Financials,Insurance
TSCO,Tractor Supply Co,$23B (Mid),23000000000,Mid,209.59,S&P 500,0.0530,-0.0684,-0.1261,-0.0090,0.0683,1.2115,2.4280,Consumer Discretionary,Specialty Retail
TSLA,Tesla Inc,$646B (Large),6.46E+11,Large,203.93,S&P 500,0.0300,0.6555,0.4909,0.1468,-0.3316,3.3025,9.0607,Consumer Discretionary,Automobiles
TSN,Tyson Foods Inc,$18B (Mid),18000000000,Mid,50.64,S&P 500,0.0170,-0.1865,-0.2318,-0.1296,-0.4211,-0.0592,-0.1541,Consumer Staples,Food Products
TT,Trane Technologies PLC,$37B (Mid),37000000000,Mid,163.23,S&P 500,0.0140,-0.0289,-0.0952,-0.0858,0.2058,1.0136,1.7243,Industrials,Building Products
TTWO,Take-Two Interactive Software Inc,$23B (Mid),23000000000,Mid,137.73,S&P 500,0.0380,0.3227,0.2124,0.1828,0.1340,0.1274,0.3258,Communication Services,Entertainment
TXN,Texas Instruments Inc,$158B (Large),1.58E+11,Large,173.88,S&P 500,0.0180,0.0524,-0.0244,-0.5173,0.0519,0.7431,0.9693,Information Technology,Semiconductors & Semiconductor Equipment
TXT,Textron Inc,$12B (Mid),12000000000,Mid,61.87,S&P 500,0.0290,-0.1261,-0.1866,-0.0574,-0.0987,1.4158,0.0234,Industrials,Aerospace & Defense
TYL,Tyler Technologies Inc,$17B (Mid),17000000000,Mid,396.96,S&P 500,0.0220,0.2312,0.1249,-0.1147,0.0067,0.2620,0.8055,Information Technology,Software
UAL,United Airlines Holdings Inc,$16B (Mid),16000000000,Mid,47.47,S&P 500,0.0580,0.2590,0.1626,0.1897,-0.0434,0.8035,-0.2979,Industrials,Passenger Airlines
UDR,UDR Inc,$13B (Mid),13000000000,Mid,39.67,S&P 500,0.0170,0.0243,-0.0760,--,-0.2129,0.2036,0.2766,Real Estate,Residential REITs
UHS,Universal Health Services Inc,$9B (Mid),9000000000,Mid,132.13,S&P 500,0.0240,-0.0622,-0.1488,0.0419,0.0816,0.3430,0.1674,Health Care,Health Care Providers & Services
ULTA,Ulta Beauty Inc,$20B (Mid),20000000000,Mid,409.83,S&P 500,0.0430,-0.1263,-0.1977,-0.0874,0.0164,0.9237,0.6447,Consumer Discretionary,Specialty Retail
UNH,UnitedHealth Group Inc,$454B (Large),4.54E+11,Large,487.24,S&P 500,0.0060,-0.0810,-0.1737,0.0146,-0.0297,0.7594,1.1803,Health Care,Health Care Providers & Services
UNP,Union Pacific Corp,$117B (Large),1.17E+11,Large,192.52,S&P 500,0.0070,-0.0703,-0.1438,-0.0405,-0.1397,0.3301,0.6396,Industrials,Ground Transportation
UPS,United Parcel Service Inc,$143B (Large),1.43E+11,Large,167.00,S&P 500,0.0160,-0.0393,-0.1085,-0.0878,-0.0070,1.0314,0.7770,Industrials,Air Freight & Logistics
URI,United Rentals Inc,$23B (Mid),23000000000,Mid,333.79,S&P 500,0.0420,-0.0609,-0.1099,-0.1426,0.1372,1.9273,1.3491,Industrials,Trading Companies & Distributors
USB,US Bancorp,$46B (Large),46000000000,Large,29.90,S&P 500,0.0280,-0.3144,-0.3581,-0.1456,-0.3428,-0.0132,-0.2764,Financials,Banks
V,Visa Inc,$453B (Large),4.53E+11,Large,221.03,S&P 500,0.0160,0.0639,-0.0260,0.0676,0.0581,0.2908,0.8001,Financials,Financial Services
VFC,VF Corp,$7B (Small),7000000000,Small,17.22,S&P 500,0.0460,-0.3763,-0.4187,-0.2962,-0.6450,-0.6469,-0.7294,Consumer Discretionary,"Textiles, Apparel & Luxury Goods"
VICI,VICI Properties Inc,$31B (Mid),31000000000,Mid,30.93,S&P 500,0.0230,-0.0454,-0.1400,--,0.1026,1.1416,1.1787,Real Estate,Specialized REITs
VLO,Valero Energy Corp,$39B (Mid),39000000000,Mid,107.04,S&P 500,0.0280,-0.1562,-0.1964,-0.0128,-0.0030,1.2243,0.2751,Energy,"Oil, Gas & Consumable Fuels"
VMC,Vulcan Materials Co,$26B (Mid),26000000000,Mid,195.50,S&P 500,0.0100,0.1164,0.0221,-0.0369,0.1530,0.8257,0.8436,Materials,Construction Materials
VRSK,Verisk Analytics Inc,$32B (Mid),32000000000,Mid,219.11,S&P 500,0.0620,0.2420,0.1315,0.2611,0.0891,0.4528,1.1079,Industrials,Professional Services
VRSN,Verisign Inc,$23B (Mid),23000000000,Mid,223.32,S&P 500,0.0080,0.0870,-0.0008,-0.0156,0.2849,0.0967,0.9065,Information Technology,IT Services
VRTX,Vertex Pharmaceuticals Inc,$83B (Large),83000000000,Large,323.57,S&P 500,0.0130,0.1205,0.0284,0.2402,0.2418,0.2762,1.1334,Health Care,Biotechnology
VTR,Ventas Inc,$17B (Mid),17000000000,Mid,43.14,S&P 500,0.0190,-0.0424,-0.1255,--,-0.1932,0.5922,0.0370,Real Estate,Health Care REITs
VTRS,Viatris Inc,$11B (Mid),11000000000,Mid,9.15,S&P 500,0.0180,-0.1779,-0.2470,-0.1038,-0.0484,-0.3783,-0.7415,Health Care,Pharmaceuticals
VZ,Verizon Communications Inc,$150B (Large),1.5E+11,Large,35.63,S&P 500,0.0110,-0.0957,-0.1913,0.0202,-0.1974,-0.2856,-0.0945,Communication Services,Diversified Telecommunication Services
WAB,Westinghouse Air Brake Technologies Corp,$17B (Mid),17000000000,Mid,92.63,S&P 500,0.0110,-0.0719,-0.1361,-0.0223,0.0360,0.7731,0.1002,Industrials,Machinery
WAT,Waters Corp,$15B (Mid),15000000000,Mid,251.22,S&P 500,0.0350,-0.2667,-0.3189,-0.1680,-0.1548,0.4351,0.3542,Health Care,Life Sciences Tools & Services
WBA,Walgreens Boots Alliance Inc,$26B (Mid),26000000000,Mid,30.37,S&P 500,0.0350,-0.1871,-0.2686,-0.2131,-0.2500,-0.1692,-0.4396,Consumer Staples,Consumer Staples Distribution & Retail
WBD,Warner Bros Discovery Inc,$27B (Mid),27000000000,Mid,11.28,S&P 500,0.0330,0.1899,0.0882,0.0468,-0.4130,-0.4785,-0.5294,Communication Services,Entertainment
WDC,Western Digital Corp,$12B (Mid),12000000000,Mid,38.73,S&P 500,0.0250,0.2276,0.1560,--,-0.2591,-0.0131,-0.4571,Information Technology,"Technology Hardware, Storage & Peripherals"
WEC,WEC Energy Group Inc,$28B (Mid),28000000000,Mid,87.35,S&P 500,0.0130,-0.0684,-0.1579,0.0090,-0.0985,0.0771,0.5644,Utilities,Multi-Utilities
WELL,Welltower Inc,$37B (Mid),37000000000,Mid,74.61,S&P 500,0.0310,0.1382,0.0185,--,-0.1558,0.7340,0.6453,Real Estate,Health Care REITs
WFC,Wells Fargo & Co,$149B (Large),1.49E+11,Large,39.81,S&P 500,0.0090,-0.0358,-0.0939,0.1438,-0.0302,0.6085,-0.0918,Financials,Banks
WHR,Whirlpool Corp,$7B (Small),7000000000,Small,129.29,S&P 500,0.0790,-0.0860,-0.1432,-0.2434,-0.2400,0.3307,0.0260,Consumer Discretionary,Household Durables
WM,Waste Management Inc,$66B (Large),66000000000,Large,161.92,S&P 500,0.0110,0.0321,-0.0563,-0.0576,0.0365,0.7378,1.1834,Industrials,Commercial Services & Supplies
WMB,Williams Companies Inc,$35B (Mid),35000000000,Mid,28.66,S&P 500,0.0180,-0.1289,-0.2075,-0.0249,-0.1255,0.8538,0.4991,Energy,"Oil, Gas & Consumable Fuels"
WMT,Walmart Inc,$396B (Large),3.96E+11,Large,146.87,S&P 500,0.0050,0.0358,-0.0595,0.0159,-0.0199,0.2509,0.8345,Consumer Staples,Consumer Staples Distribution & Retail
WRB,W R Berkley Corp,$15B (Mid),15000000000,Mid,55.68,S&P 500,0.0150,-0.2327,-0.2801,-0.1557,-0.1237,0.7495,0.8967,Financials,Insurance
WRK,Westrock Co,$7B (Small),7000000000,Small,28.01,S&P 500,0.0170,-0.2034,-0.2571,--,-0.4061,0.0053,-0.4360,Materials,Containers & Packaging
WST,West Pharmaceutical Services Inc,$25B (Mid),25000000000,Mid,334.63,S&P 500,0.0120,0.4218,0.3048,0.5151,0.0801,0.7671,2.8967,Health Care,Life Sciences Tools & Services
WTW,Willis Towers Watson PLC,$23B (Mid),23000000000,Mid,218.85,S&P 500,0.0070,-0.1052,-0.1740,-0.0340,0.0624,0.2580,0.5999,Financials,Insurance
WY,Weyerhaeuser Co,$21B (Mid),21000000000,Mid,28.66,S&P 500,0.0120,-0.0755,-0.1356,--,-0.2512,0.8054,-0.0193,Real Estate,Specialized REITs
WYNN,Wynn Resorts Ltd,$11B (Mid),11000000000,Mid,98.70,S&P 500,0.0630,0.1968,0.1016,0.0851,0.3908,0.2339,-0.4497,Consumer Discretionary,"Hotels, Restaurants & Leisure"
XEL,Xcel Energy Inc,$36B (Mid),36000000000,Mid,65.29,S&P 500,0.0110,-0.0687,-0.1646,0.0090,-0.0917,0.1206,0.5826,Utilities,Electric Utilities
XOM,Exxon Mobil Corp,$413B (Large),4.13E+11,Large,102.18,S&P 500,0.0080,-0.0736,-0.1388,0.0503,0.2584,1.8800,0.7692,Energy,"Oil, Gas & Consumable Fuels"
XRAY,DENTSPLY SIRONA Inc,$8B (Mid),8000000000,Mid,36.12,S&P 500,0.0390,0.1344,0.0454,0.1035,-0.0661,-0.0658,-0.2444,Health Care,Health Care Equipment & Supplies
XYL,Xylem Inc,$24B (Mid),24000000000,Mid,100.20,S&P 500,0.0850,-0.0938,-0.1860,-0.0770,0.2243,0.4793,0.4929,Industrials,Machinery
YUM,Yum! Brands Inc,$36B (Mid),36000000000,Mid,128.69,S&P 500,0.0110,0.0048,-0.0891,-0.1238,0.1303,0.6182,0.6192,Consumer Discretionary,"Hotels, Restaurants & Leisure"
ZBH,Zimmer Biomet Holdings Inc,$27B (Mid),27000000000,Mid,127.34,S&P 500,0.0130,-0.0013,-0.0947,-0.0500,0.0566,0.1462,0.1579,Health Care,Health Care Equipment & Supplies
ZBRA,Zebra Technologies Corp,$14B (Mid),14000000000,Mid,262.57,S&P 500,0.0200,0.0240,-0.0465,-0.0325,-0.2945,0.1872,0.9577,Information Technology,"Electronic Equipment, Instruments & Components"
ZION,Zions Bancorporation NA,$4B (Small),4000000000,Small,27.29,S&P 500,0.1090,-0.4449,-0.4631,-0.2606,-0.4684,0.0416,-0.3849,Financials,Banks
ZTS,Zoetis Inc,$75B (Large),75000000000,Large,163.01,S&P 500,0.0080,0.1123,0.0026,0.1696,-0.0708,0.2874,0.9929,Health Care,Pharmaceuticals
